"序號","分類","教材名稱","標準網頁檔名","相對路徑","線上瀏覽網址","收錄範圍/頁碼","收錄成語數","收錄成語精選預覽"
1,"網站總部","學思軒・新無敵成語教學資源網站 入口首頁","index.html","index.html","https://oaoadna-1313.github.io/2026_new5Didiom/","全站第 01~46 回全景",1991,"全冊 46 回 1,991 則成語"
2,"七上 練習神器","[七上] 成語週考第01回p.19-p.26 練功坊 線上練習神器","idiom-quiz-01.html","idiom-practice/idiom-quiz-01.html","https://oaoadna-1313.github.io/2026_new5Didiom/idiom-practice/idiom-quiz-01.html","p.19-p.26",41,"一刀兩斷、一五一十、一介不取、一心一意、一手遮天、一文不值、一日三秋、一日千里 ...等 41 則"
3,"七上 練習神器","[七上] 成語週考第02回p.27-p.34 練功坊 線上練習神器","idiom-quiz-02.html","idiom-practice/idiom-quiz-02.html","https://oaoadna-1313.github.io/2026_new5Didiom/idiom-practice/idiom-quiz-02.html","p.27-p.34",38,"一視同仁、一飯千金、一意孤行、一落千丈、一葉知秋、一鼓作氣、一網打盡、一鳴驚人 ...等 38 則"
4,"七上 練習神器","[七上] 成語週考第03回p.35-p.42 練功坊 線上練習神器","idiom-quiz-03.html","idiom-practice/idiom-quiz-03.html","https://oaoadna-1313.github.io/2026_new5Didiom/idiom-practice/idiom-quiz-03.html","p.35-p.42",42,"八拜之交、八面威風、八面玲瓏、力挽狂瀾、力學不倦、十年寒窗、十惡不赦、三人成虎 ...等 42 則"
5,"七上 練習神器","[七上] 成語週考第04回p.43-p.50 練功坊 線上練習神器","idiom-quiz-04.html","idiom-practice/idiom-quiz-04.html","https://oaoadna-1313.github.io/2026_new5Didiom/idiom-practice/idiom-quiz-04.html","p.43-p.50",42,"大公無私、大功告成、大名鼎鼎、大而化之、大快朵頤、大相逕庭、大家風範、大庭廣眾 ...等 42 則"
6,"七上 練習神器","[七上] 成語週考第05回p.51-p.58 練功坊 線上練習神器","idiom-quiz-05.html","idiom-practice/idiom-quiz-05.html","https://oaoadna-1313.github.io/2026_new5Didiom/idiom-practice/idiom-quiz-05.html","p.51-p.58",42,"不知好歹、不知所云、不知所措、不舍晝夜、不計其數、不修邊幅、不倫不類、不容置喙 ...等 42 則"
7,"七上 練習神器","[七上] 成語週考第06回p.59-p.66 練功坊 線上練習神器","idiom-quiz-06.html","idiom-practice/idiom-quiz-06.html","https://oaoadna-1313.github.io/2026_new5Didiom/idiom-practice/idiom-quiz-06.html","p.59-p.66",43,"反目成仇、反求諸己、反敗為勝、反脣相譏、天生麗質、天衣無縫、天作之合、天昏地暗 ...等 43 則"
8,"七上 練習神器","[七上] 成語週考第07回p.67-p.74 練功坊 線上練習神器","idiom-quiz-07.html","idiom-practice/idiom-quiz-07.html","https://oaoadna-1313.github.io/2026_new5Didiom/idiom-practice/idiom-quiz-07.html","p.67-p.74",45,"心滿意足、心領神會、心寬體胖、心曠神怡、戶限為穿、戶樞不蠹、手不釋卷、手忙腳亂 ...等 45 則"
9,"七上 練習神器","[七上] 成語週考第08回p.75-p.82 練功坊 線上練習神器","idiom-quiz-08.html","idiom-practice/idiom-quiz-08.html","https://oaoadna-1313.github.io/2026_new5Didiom/idiom-practice/idiom-quiz-08.html","p.75-p.82",42,"牛驥同皂、世態炎涼、乍暖還寒、以卵擊石、以身作則、以身試法、以偏概全、以訛傳訛 ...等 42 則"
10,"七上 練習神器","[七上] 成語週考第09回p.83-p.90 練功坊 線上練習神器","idiom-quiz-09.html","idiom-practice/idiom-quiz-09.html","https://oaoadna-1313.github.io/2026_new5Didiom/idiom-practice/idiom-quiz-09.html","p.83-p.90",43,"四面八方、四面楚歌、四通八達、外強中乾、失而復得、失魂落魄、巧言令色、巧奪天工 ...等 43 則"
11,"七上 練習神器","[七上] 成語週考第10回p.91-p.98 練功坊 線上練習神器","idiom-quiz-10.html","idiom-practice/idiom-quiz-10.html","https://oaoadna-1313.github.io/2026_new5Didiom/idiom-practice/idiom-quiz-10.html","p.91-p.98",44,"目空一切、目無全牛、目瞪口呆、石沉大海、石城湯池、石破天驚、丟三落四、亦步亦趨 ...等 44 則"
12,"七上 練習神器","[七上] 成語週考第11回p.99-p.106 練功坊 線上練習神器","idiom-quiz-11.html","idiom-practice/idiom-quiz-11.html","https://oaoadna-1313.github.io/2026_new5Didiom/idiom-practice/idiom-quiz-11.html","p.99-p.106",44,"回祿之災、回頭是岸、地老天荒、地靈人傑、夙夜匪懈、夙興夜寐、多如牛毛、多此一舉 ...等 44 則"
13,"七上 練習神器","[七上] 成語週考第12回p.107-p.110 練功坊 線上練習神器","idiom-quiz-12.html","idiom-practice/idiom-quiz-12.html","https://oaoadna-1313.github.io/2026_new5Didiom/idiom-practice/idiom-quiz-12.html","p.107-p.110",22,"成仁取義、扣人心弦、早出晚歸、曲高和寡、曲意逢迎、有口皆碑、有口無心、有目共睹 ...等 22 則"
14,"七下 練習神器","[七下] 成語週考第13回 p.111-p.118 練功坊 線上練習神器","idiom-quiz-13.html","idiom-practice/idiom-quiz-13.html","https://oaoadna-1313.github.io/2026_new5Didiom/idiom-practice/idiom-quiz-13.html","p.111-p.118",45,"朽木糞土、朱墨爛然、朱顏鶴髮、此起彼落、死不瞑目、死生有命、死有餘辜、死灰復燃 ...等 45 則"
15,"七下 練習神器","[七下] 成語週考第14回 p.119-p.127 練功坊練習神器 線上練習神器","idiom-quiz-14.html","idiom-practice/idiom-quiz-14.html","https://oaoadna-1313.github.io/2026_new5Didiom/idiom-practice/idiom-quiz-14.html","p.119-p.127",51,"耳濡目染、耳聰目明、自以為是、自生自滅、自由自在、自立門戶、自成一家、自作自受 ...等 51 則"
16,"七下 練習神器","[七下] 成語週考第15回 p.128-p.136 練功坊練習神器 線上練習神器","idiom-quiz-15.html","idiom-practice/idiom-quiz-15.html","https://oaoadna-1313.github.io/2026_new5Didiom/idiom-practice/idiom-quiz-15.html","p.128-p.136",49,"冷冷清清、冷嘲熱諷、別出心裁、別開生面、判若兩人、利令智昏、助紂為虐、吞舟之魚 ...等 49 則"
17,"七下 練習神器","[七下] 成語週考第16回 p.137-p.144 練功坊練習神器 線上練習神器","idiom-quiz-16.html","idiom-practice/idiom-quiz-16.html","https://oaoadna-1313.github.io/2026_new5Didiom/idiom-practice/idiom-quiz-16.html","p.137-p.144",46,"投鼠忌器、投機取巧、抓耳撓腮、抑揚頓挫、改邪歸正、改弦易轍、改過遷善、束之高閣 ...等 46 則"
18,"七下 練習神器","[七下] 成語週考第17回 p.145-p.153 練功坊練習神器 線上練習神器","idiom-quiz-17.html","idiom-practice/idiom-quiz-17.html","https://oaoadna-1313.github.io/2026_new5Didiom/idiom-practice/idiom-quiz-17.html","p.145-p.153",50,"言歸正傳、言簡意賅、言聽計從、赤子之心、赤手空拳、走投無路、走馬看花、足不出戶 ...等 50 則"
19,"七下 練習神器","[七下] 成語週考第18回 p.154-p.161 練功坊練習神器 線上練習神器","idiom-quiz-18.html","idiom-practice/idiom-quiz-18.html","https://oaoadna-1313.github.io/2026_new5Didiom/idiom-practice/idiom-quiz-18.html","p.154-p.161",46,"固若金湯、夜不閉戶、夜郎自大、夜闌人靜、奉公守法、奄奄一息、姑息養奸、姍姍來遲 ...等 46 則"
20,"七下 練習神器","[七下] 成語週考第19回 p.162-p.169 練功坊練習神器 線上練習神器","idiom-quiz-19.html","idiom-practice/idiom-quiz-19.html","https://oaoadna-1313.github.io/2026_new5Didiom/idiom-practice/idiom-quiz-19.html","p.162-p.169",46,"抱恨終天、抱頭鼠竄、抱薪救火、拖泥帶水、易地而處、易如反掌、明日黃花、明知故犯 ...等 46 則"
21,"七下 練習神器","[七下] 成語週考第20回 p.170-p.178 練功坊練習神器 線上練習神器","idiom-quiz-20.html","idiom-practice/idiom-quiz-20.html","https://oaoadna-1313.github.io/2026_new5Didiom/idiom-practice/idiom-quiz-20.html","p.170-p.178",50,"玩世不恭、直截了當、知人善任、知己知彼、知足常樂、知命之年、知書達禮、空前絕後 ...等 50 則"
22,"七下 練習神器","[七下] 成語週考第21回 p.179-p.186 練功坊練習神器 線上練習神器","idiom-quiz-21.html","idiom-practice/idiom-quiz-21.html","https://oaoadna-1313.github.io/2026_new5Didiom/idiom-practice/idiom-quiz-21.html","p.179-p.186",46,"青黃不接、佶屈聱牙、怙惡不悛、邯鄲學步、亭亭玉立、信口雌黃、信手拈來、信而有徵 ...等 46 則"
23,"七下 練習神器","[七下] 成語週考第22回 p.187-p.194 練功坊練習神器 線上練習神器","idiom-quiz-22.html","idiom-practice/idiom-quiz-22.html","https://oaoadna-1313.github.io/2026_new5Didiom/idiom-practice/idiom-quiz-22.html","p.187-p.194",48,"恃強凌弱、按兵不動、按部就班、拭目以待、持之以恆、持盈保泰、指日可待、指桑罵槐 ...等 48 則"
24,"七下 練習神器","[七下] 成語週考第23回 p.195-p.203 練功坊練習神器 線上練習神器","idiom-quiz-23.html","idiom-practice/idiom-quiz-23.html","https://oaoadna-1313.github.io/2026_new5Didiom/idiom-practice/idiom-quiz-23.html","p.195-p.203",51,"狡兔三窟、畏首畏尾、畎畝之中、省吃儉用、相形見絀、相得益彰、相提並論、相敬如賓 ...等 51 則"
25,"七下 練習神器","[七下] 成語週考第24回 p.204-p.211 練功坊練習神器 線上練習神器","idiom-quiz-24.html","idiom-practice/idiom-quiz-24.html","https://oaoadna-1313.github.io/2026_new5Didiom/idiom-practice/idiom-quiz-24.html","p.204-p.211",48,"風調雨順、風聲鶴唳、飛黃騰達、飛蛾撲火、食古不化、食言而肥、食前方丈、食指大動 ...等 48 則"
26,"八上 練習神器","[八上] 成語週考第25回 p.212-p.219 練功坊練習神器 線上練習神器","idiom-quiz-25.html","idiom-practice/idiom-quiz-25.html","https://oaoadna-1313.github.io/2026_new5Didiom/idiom-practice/idiom-quiz-25.html","p.212-p.219",44,"旁若無人、旁敲側擊、旁徵博引、旁觀者清、時不我與、案牘勞形、栩栩如生、格格不入 ...等 44 則"
27,"八上 練習神器","[八上] 成語週考第26回 p.220-p.227 練功坊練習神器 線上練習神器","idiom-quiz-26.html","idiom-practice/idiom-quiz-26.html","https://oaoadna-1313.github.io/2026_new5Didiom/idiom-practice/idiom-quiz-26.html","p.220-p.227",44,"秦晉之好、笑容可掬、笑裡藏刀、粉墨登場、素昧平生、紙醉金迷、耿耿於懷、胸有成竹 ...等 44 則"
28,"八上 練習神器","[八上] 成語週考第27回 p.228-p.234 練功坊練習神器 線上練習神器","idiom-quiz-27.html","idiom-practice/idiom-quiz-27.html","https://oaoadna-1313.github.io/2026_new5Didiom/idiom-practice/idiom-quiz-27.html","p.228-p.234",38,"鬼斧神工、鬼哭神嚎、鬼迷心竅、鬼鬼祟祟、蚍蜉撼樹、假公濟私、偃旗息鼓、健步如飛 ...等 38 則"
29,"八上 練習神器","[八上] 成語週考第28回 p.235-p.241 練功坊練習神器 線上練習神器","idiom-quiz-28.html","idiom-practice/idiom-quiz-28.html","https://oaoadna-1313.github.io/2026_new5Didiom/idiom-practice/idiom-quiz-28.html","p.235-p.241",41,"從容不迫、從容就義、從善如流、患得患失、悠然自得、情不自禁、情之所鍾、情投意合 ...等 41 則"
30,"八上 練習神器","[八上] 成語週考第29回 p.242-p.248 練功坊練習神器 線上練習神器","idiom-quiz-29.html","idiom-practice/idiom-quiz-29.html","https://oaoadna-1313.github.io/2026_new5Didiom/idiom-practice/idiom-quiz-29.html","p.242-p.248",41,"望洋興嘆、望梅止渴、望塵莫及、梁上君子、梧鼠技窮、梅妻鶴子、欲速不達、欲蓋彌彰 ...等 41 則"
31,"八上 練習神器","[八上] 成語週考第30回 p.249-p.255 練功坊練習神器 線上練習神器","idiom-quiz-30.html","idiom-practice/idiom-quiz-30.html","https://oaoadna-1313.github.io/2026_new5Didiom/idiom-practice/idiom-quiz-30.html","p.249-p.255",42,"眾說紛紜、眼花繚亂、移花接木、粗衣糲食、粗茶淡飯、細水長流、終南捷徑、習以為常 ...等 42 則"
32,"八上 練習神器","[八上] 成語週考第31回 p.256-p.262 練功坊練習神器 線上練習神器","idiom-quiz-31.html","idiom-practice/idiom-quiz-31.html","https://oaoadna-1313.github.io/2026_new5Didiom/idiom-practice/idiom-quiz-31.html","p.256-p.262",41,"魚沉雁杳、魚躍龍門、鳥盡弓藏、鳥語花香、鹿死誰手、麻木不仁、掂斤估兩、勞苦功高 ...等 41 則"
33,"八上 練習神器","[八上] 成語週考第32回 p.263-p.269 練功坊練習神器 線上練習神器","idiom-quiz-32.html","idiom-practice/idiom-quiz-32.html","https://oaoadna-1313.github.io/2026_new5Didiom/idiom-practice/idiom-quiz-32.html","p.263-p.269",41,"捶胸頓足、揚長而去、揚眉吐氣、揚眉抵掌、揚湯止沸、晴天霹靂、期期艾艾、朝三暮四 ...等 41 則"
34,"八上 練習神器","[八上] 成語週考第33回 p.270-p.276 練功坊練習神器 線上練習神器","idiom-quiz-33.html","idiom-practice/idiom-quiz-33.html","https://oaoadna-1313.github.io/2026_new5Didiom/idiom-practice/idiom-quiz-33.html","p.270-p.276",41,"無病呻吟、無動於衷、無堅不摧、無庸置疑、無微不至、無精打采、無與倫比、無遠弗屆 ...等 41 則"
35,"八上 練習神器","[八上] 成語週考第34回 p.277-p.283 練功坊練習神器 線上練習神器","idiom-quiz-34.html","idiom-practice/idiom-quiz-34.html","https://oaoadna-1313.github.io/2026_new5Didiom/idiom-practice/idiom-quiz-34.html","p.277-p.283",42,"絮絮叨叨、絡繹不絕、肅然起敬、菩薩低眉、萍水相逢、華而不實、著書立說、虛左以待 ...等 42 則"
36,"八上 練習神器","[八上] 成語週考第35回 p.284-p.290 練功坊練習神器 線上練習神器","idiom-quiz-35.html","idiom-practice/idiom-quiz-35.html","https://oaoadna-1313.github.io/2026_new5Didiom/idiom-practice/idiom-quiz-35.html","p.284-p.290",41,"順手牽羊、順水推舟、飲水思源、飲鴆止渴、黃粱一夢、黃袍加身、揠苗助長、傾家蕩產 ...等 41 則"
37,"八上 練習神器","[八上] 成語週考第36回 p.291-p.298 練功坊練習神器 線上練習神器","idiom-quiz-36.html","idiom-practice/idiom-quiz-36.html","https://oaoadna-1313.github.io/2026_new5Didiom/idiom-practice/idiom-quiz-36.html","p.291-p.298",44,"源源不絕、源遠流長、溫故知新、滄海一粟、滄海桑田、滔滔不絕、煙消雲散、煥然一新 ...等 44 則"
38,"八下 練習神器","[八下] 成語週考第37回 p.299-p.306 練功坊練習神器 線上練習神器","idiom-quiz-37.html","idiom-practice/idiom-quiz-37.html","https://oaoadna-1313.github.io/2026_new5Didiom/idiom-practice/idiom-quiz-37.html","p.299-p.306",45,"詩情畫意、路不拾遺、載舟覆舟、載沉載浮、運斤成風、遊手好閒、道貌岸然、道聽塗說 ...等 45 則"
39,"八下 練習神器","[八下] 成語週考第38回 p.307-p.314 練功坊練習神器 線上練習神器","idiom-quiz-38.html","idiom-practice/idiom-quiz-38.html","https://oaoadna-1313.github.io/2026_new5Didiom/idiom-practice/idiom-quiz-38.html","p.307-p.314",44,"慢條斯理、慘澹經營、截長補短、截然不同、旗開得勝、旗鼓相當、槍林彈雨、滴水不漏 ...等 44 則"
40,"八下 練習神器","[八下] 成語週考第39回 p.315-p.322 練功坊練習神器 線上練習神器","idiom-quiz-39.html","idiom-practice/idiom-quiz-39.html","https://oaoadna-1313.github.io/2026_new5Didiom/idiom-practice/idiom-quiz-39.html","p.315-p.322",42,"舞榭歌臺、蒸蒸日上、裹足不前、語重心長、語焉不詳、語無倫次、誓不兩立、說一不二 ...等 42 則"
41,"八下 練習神器","[八下] 成語週考第40回 p.323-p.330 練功坊練習神器 線上練習神器","idiom-quiz-40.html","idiom-practice/idiom-quiz-40.html","https://oaoadna-1313.github.io/2026_new5Didiom/idiom-practice/idiom-quiz-40.html","p.323-p.330",45,"摩拳擦掌、摩頂放踵、撲朔迷離、撥雲見日、撒手人寰、敷衍了事、數一數二、數如家珍 ...等 45 則"
42,"八下 練習神器","[八下] 成語週考第41回 p.331-p.338 練功坊練習神器 線上練習神器","idiom-quiz-41.html","idiom-practice/idiom-quiz-41.html","https://oaoadna-1313.github.io/2026_new5Didiom/idiom-practice/idiom-quiz-41.html","p.331-p.338",45,"銳不可當、鋒芒畢露、震耳欲聾、養虎貽患、養精蓄銳、餘音繞梁、駟馬難追、駑馬十駕 ...等 45 則"
43,"八下 練習神器","[八下] 成語週考第42回 p.339-p.346 練功坊練習神器 線上練習神器","idiom-quiz-42.html","idiom-practice/idiom-quiz-42.html","https://oaoadna-1313.github.io/2026_new5Didiom/idiom-practice/idiom-quiz-42.html","p.339-p.346",43,"瞠目結舌、瞞天過海、磨刀霍霍、磨礪以須、積土成山、積非成是、積重難返、窺見一斑 ...等 43 則"
44,"八下 練習神器","[八下] 成語週考第43回 p.347-p.354 練功坊練習神器 線上練習神器","idiom-quiz-43.html","idiom-practice/idiom-quiz-43.html","https://oaoadna-1313.github.io/2026_new5Didiom/idiom-practice/idiom-quiz-43.html","p.347-p.354",42,"優哉游哉、優柔寡斷、優游自在、嚎啕大哭、彌天大罪、應有盡有、應接不暇、擊節嘆賞 ...等 42 則"
45,"八下 練習神器","[八下] 成語週考第44回 p.355-p.362 練功坊練習神器 線上練習神器","idiom-quiz-44.html","idiom-practice/idiom-quiz-44.html","https://oaoadna-1313.github.io/2026_new5Didiom/idiom-practice/idiom-quiz-44.html","p.355-p.362",43,"螳臂當車、謙沖自牧、謙謙君子、豁然開朗、豁達大度、趨之若鶩、趨炎附勢、輾轉反側 ...等 43 則"
46,"八下 練習神器","[八下] 成語週考第45回 p.363-p.370 練功坊練習神器 線上練習神器","idiom-quiz-45.html","idiom-practice/idiom-quiz-45.html","https://oaoadna-1313.github.io/2026_new5Didiom/idiom-practice/idiom-quiz-45.html","p.363-p.370",42,"雞皮鶴髮、雞飛狗跳、雞鳴狗盜、鞭辟入裡、離鄉背井、離經叛道、離群索居、穩如泰山 ...等 42 則"
47,"八下 練習神器","[八下] 成語週考第46回 p.371-p.377 練功坊練習神器 線上練習神器","idiom-quiz-46.html","idiom-practice/idiom-quiz-46.html","https://oaoadna-1313.github.io/2026_new5Didiom/idiom-practice/idiom-quiz-46.html","p.371-p.377",36,"辯才無礙、鐵案如山、鐵畫銀鉤、鐵樹開花、露出馬腳、響徹雲霄、顧此失彼、顧影自憐 ...等 36 則"
48,"七上 詳解PDF","[七上] 成語週考第01回p.19-p.26 練功坊 單回詳解 PDF","idiom-weekly-01.pdf","idiom-pdf/idiom-weekly-01.pdf","https://oaoadna-1313.github.io/2026_new5Didiom/idiom-pdf/idiom-weekly-01.pdf","p.19-p.26",41,"第 01 回 完整題目與逐題解析"
49,"七上 詳解PDF","[七上] 成語週考第02回p.27-p.34 練功坊 單回詳解 PDF","idiom-weekly-02.pdf","idiom-pdf/idiom-weekly-02.pdf","https://oaoadna-1313.github.io/2026_new5Didiom/idiom-pdf/idiom-weekly-02.pdf","p.27-p.34",38,"第 02 回 完整題目與逐題解析"
50,"七上 詳解PDF","[七上] 成語週考第03回p.35-p.42 練功坊 單回詳解 PDF","idiom-weekly-03.pdf","idiom-pdf/idiom-weekly-03.pdf","https://oaoadna-1313.github.io/2026_new5Didiom/idiom-pdf/idiom-weekly-03.pdf","p.35-p.42",42,"第 03 回 完整題目與逐題解析"
51,"七上 詳解PDF","[七上] 成語週考第04回p.43-p.50 練功坊 單回詳解 PDF","idiom-weekly-04.pdf","idiom-pdf/idiom-weekly-04.pdf","https://oaoadna-1313.github.io/2026_new5Didiom/idiom-pdf/idiom-weekly-04.pdf","p.43-p.50",42,"第 04 回 完整題目與逐題解析"
52,"七上 詳解PDF","[七上] 成語週考第05回p.51-p.58 練功坊 單回詳解 PDF","idiom-weekly-05.pdf","idiom-pdf/idiom-weekly-05.pdf","https://oaoadna-1313.github.io/2026_new5Didiom/idiom-pdf/idiom-weekly-05.pdf","p.51-p.58",42,"第 05 回 完整題目與逐題解析"
53,"七上 詳解PDF","[七上] 成語週考第06回p.59-p.66 練功坊 單回詳解 PDF","idiom-weekly-06.pdf","idiom-pdf/idiom-weekly-06.pdf","https://oaoadna-1313.github.io/2026_new5Didiom/idiom-pdf/idiom-weekly-06.pdf","p.59-p.66",43,"第 06 回 完整題目與逐題解析"
54,"七上 詳解PDF","[七上] 成語週考第07回p.67-p.74 練功坊 單回詳解 PDF","idiom-weekly-07.pdf","idiom-pdf/idiom-weekly-07.pdf","https://oaoadna-1313.github.io/2026_new5Didiom/idiom-pdf/idiom-weekly-07.pdf","p.67-p.74",45,"第 07 回 完整題目與逐題解析"
55,"七上 詳解PDF","[七上] 成語週考第08回p.75-p.82 練功坊 單回詳解 PDF","idiom-weekly-08.pdf","idiom-pdf/idiom-weekly-08.pdf","https://oaoadna-1313.github.io/2026_new5Didiom/idiom-pdf/idiom-weekly-08.pdf","p.75-p.82",42,"第 08 回 完整題目與逐題解析"
56,"七上 詳解PDF","[七上] 成語週考第09回p.83-p.90 練功坊 單回詳解 PDF","idiom-weekly-09.pdf","idiom-pdf/idiom-weekly-09.pdf","https://oaoadna-1313.github.io/2026_new5Didiom/idiom-pdf/idiom-weekly-09.pdf","p.83-p.90",43,"第 09 回 完整題目與逐題解析"
57,"七上 詳解PDF","[七上] 成語週考第10回p.91-p.98 練功坊 單回詳解 PDF","idiom-weekly-10.pdf","idiom-pdf/idiom-weekly-10.pdf","https://oaoadna-1313.github.io/2026_new5Didiom/idiom-pdf/idiom-weekly-10.pdf","p.91-p.98",44,"第 10 回 完整題目與逐題解析"
58,"七上 詳解PDF","[七上] 成語週考第11回p.99-p.106 練功坊 單回詳解 PDF","idiom-weekly-11.pdf","idiom-pdf/idiom-weekly-11.pdf","https://oaoadna-1313.github.io/2026_new5Didiom/idiom-pdf/idiom-weekly-11.pdf","p.99-p.106",44,"第 11 回 完整題目與逐題解析"
59,"七上 詳解PDF","[七上] 成語週考第12回p.107-p.110 練功坊 單回詳解 PDF","idiom-weekly-12.pdf","idiom-pdf/idiom-weekly-12.pdf","https://oaoadna-1313.github.io/2026_new5Didiom/idiom-pdf/idiom-weekly-12.pdf","p.107-p.110",22,"第 12 回 完整題目與逐題解析"
60,"七下 詳解PDF","[七下] 成語週考第13回 p.111-p.118 練功坊 單回詳解 PDF","idiom-weekly-13.pdf","idiom-pdf/idiom-weekly-13.pdf","https://oaoadna-1313.github.io/2026_new5Didiom/idiom-pdf/idiom-weekly-13.pdf","p.111-p.118",45,"第 13 回 完整題目與逐題解析"
61,"七下 詳解PDF","[七下] 成語週考第14回 p.119-p.127 練功坊練習神器 單回詳解 PDF","idiom-weekly-14.pdf","idiom-pdf/idiom-weekly-14.pdf","https://oaoadna-1313.github.io/2026_new5Didiom/idiom-pdf/idiom-weekly-14.pdf","p.119-p.127",51,"第 14 回 完整題目與逐題解析"
62,"七下 詳解PDF","[七下] 成語週考第15回 p.128-p.136 練功坊練習神器 單回詳解 PDF","idiom-weekly-15.pdf","idiom-pdf/idiom-weekly-15.pdf","https://oaoadna-1313.github.io/2026_new5Didiom/idiom-pdf/idiom-weekly-15.pdf","p.128-p.136",49,"第 15 回 完整題目與逐題解析"
63,"七下 詳解PDF","[七下] 成語週考第16回 p.137-p.144 練功坊練習神器 單回詳解 PDF","idiom-weekly-16.pdf","idiom-pdf/idiom-weekly-16.pdf","https://oaoadna-1313.github.io/2026_new5Didiom/idiom-pdf/idiom-weekly-16.pdf","p.137-p.144",46,"第 16 回 完整題目與逐題解析"
64,"七下 詳解PDF","[七下] 成語週考第17回 p.145-p.153 練功坊練習神器 單回詳解 PDF","idiom-weekly-17.pdf","idiom-pdf/idiom-weekly-17.pdf","https://oaoadna-1313.github.io/2026_new5Didiom/idiom-pdf/idiom-weekly-17.pdf","p.145-p.153",50,"第 17 回 完整題目與逐題解析"
65,"七下 詳解PDF","[七下] 成語週考第18回 p.154-p.161 練功坊練習神器 單回詳解 PDF","idiom-weekly-18.pdf","idiom-pdf/idiom-weekly-18.pdf","https://oaoadna-1313.github.io/2026_new5Didiom/idiom-pdf/idiom-weekly-18.pdf","p.154-p.161",46,"第 18 回 完整題目與逐題解析"
66,"七下 詳解PDF","[七下] 成語週考第19回 p.162-p.169 練功坊練習神器 單回詳解 PDF","idiom-weekly-19.pdf","idiom-pdf/idiom-weekly-19.pdf","https://oaoadna-1313.github.io/2026_new5Didiom/idiom-pdf/idiom-weekly-19.pdf","p.162-p.169",46,"第 19 回 完整題目與逐題解析"
67,"七下 詳解PDF","[七下] 成語週考第20回 p.170-p.178 練功坊練習神器 單回詳解 PDF","idiom-weekly-20.pdf","idiom-pdf/idiom-weekly-20.pdf","https://oaoadna-1313.github.io/2026_new5Didiom/idiom-pdf/idiom-weekly-20.pdf","p.170-p.178",50,"第 20 回 完整題目與逐題解析"
68,"七下 詳解PDF","[七下] 成語週考第21回 p.179-p.186 練功坊練習神器 單回詳解 PDF","idiom-weekly-21.pdf","idiom-pdf/idiom-weekly-21.pdf","https://oaoadna-1313.github.io/2026_new5Didiom/idiom-pdf/idiom-weekly-21.pdf","p.179-p.186",46,"第 21 回 完整題目與逐題解析"
69,"七下 詳解PDF","[七下] 成語週考第22回 p.187-p.194 練功坊練習神器 單回詳解 PDF","idiom-weekly-22.pdf","idiom-pdf/idiom-weekly-22.pdf","https://oaoadna-1313.github.io/2026_new5Didiom/idiom-pdf/idiom-weekly-22.pdf","p.187-p.194",48,"第 22 回 完整題目與逐題解析"
70,"七下 詳解PDF","[七下] 成語週考第23回 p.195-p.203 練功坊練習神器 單回詳解 PDF","idiom-weekly-23.pdf","idiom-pdf/idiom-weekly-23.pdf","https://oaoadna-1313.github.io/2026_new5Didiom/idiom-pdf/idiom-weekly-23.pdf","p.195-p.203",51,"第 23 回 完整題目與逐題解析"
71,"七下 詳解PDF","[七下] 成語週考第24回 p.204-p.211 練功坊練習神器 單回詳解 PDF","idiom-weekly-24.pdf","idiom-pdf/idiom-weekly-24.pdf","https://oaoadna-1313.github.io/2026_new5Didiom/idiom-pdf/idiom-weekly-24.pdf","p.204-p.211",48,"第 24 回 完整題目與逐題解析"
72,"八上 詳解PDF","[八上] 成語週考第25回 p.212-p.219 練功坊練習神器 單回詳解 PDF","idiom-weekly-25.pdf","idiom-pdf/idiom-weekly-25.pdf","https://oaoadna-1313.github.io/2026_new5Didiom/idiom-pdf/idiom-weekly-25.pdf","p.212-p.219",44,"第 25 回 完整題目與逐題解析"
73,"八上 詳解PDF","[八上] 成語週考第26回 p.220-p.227 練功坊練習神器 單回詳解 PDF","idiom-weekly-26.pdf","idiom-pdf/idiom-weekly-26.pdf","https://oaoadna-1313.github.io/2026_new5Didiom/idiom-pdf/idiom-weekly-26.pdf","p.220-p.227",44,"第 26 回 完整題目與逐題解析"
74,"八上 詳解PDF","[八上] 成語週考第27回 p.228-p.234 練功坊練習神器 單回詳解 PDF","idiom-weekly-27.pdf","idiom-pdf/idiom-weekly-27.pdf","https://oaoadna-1313.github.io/2026_new5Didiom/idiom-pdf/idiom-weekly-27.pdf","p.228-p.234",38,"第 27 回 完整題目與逐題解析"
75,"八上 詳解PDF","[八上] 成語週考第28回 p.235-p.241 練功坊練習神器 單回詳解 PDF","idiom-weekly-28.pdf","idiom-pdf/idiom-weekly-28.pdf","https://oaoadna-1313.github.io/2026_new5Didiom/idiom-pdf/idiom-weekly-28.pdf","p.235-p.241",41,"第 28 回 完整題目與逐題解析"
76,"八上 詳解PDF","[八上] 成語週考第29回 p.242-p.248 練功坊練習神器 單回詳解 PDF","idiom-weekly-29.pdf","idiom-pdf/idiom-weekly-29.pdf","https://oaoadna-1313.github.io/2026_new5Didiom/idiom-pdf/idiom-weekly-29.pdf","p.242-p.248",41,"第 29 回 完整題目與逐題解析"
77,"八上 詳解PDF","[八上] 成語週考第30回 p.249-p.255 練功坊練習神器 單回詳解 PDF","idiom-weekly-30.pdf","idiom-pdf/idiom-weekly-30.pdf","https://oaoadna-1313.github.io/2026_new5Didiom/idiom-pdf/idiom-weekly-30.pdf","p.249-p.255",42,"第 30 回 完整題目與逐題解析"
78,"八上 詳解PDF","[八上] 成語週考第31回 p.256-p.262 練功坊練習神器 單回詳解 PDF","idiom-weekly-31.pdf","idiom-pdf/idiom-weekly-31.pdf","https://oaoadna-1313.github.io/2026_new5Didiom/idiom-pdf/idiom-weekly-31.pdf","p.256-p.262",41,"第 31 回 完整題目與逐題解析"
79,"八上 詳解PDF","[八上] 成語週考第32回 p.263-p.269 練功坊練習神器 單回詳解 PDF","idiom-weekly-32.pdf","idiom-pdf/idiom-weekly-32.pdf","https://oaoadna-1313.github.io/2026_new5Didiom/idiom-pdf/idiom-weekly-32.pdf","p.263-p.269",41,"第 32 回 完整題目與逐題解析"
80,"八上 詳解PDF","[八上] 成語週考第33回 p.270-p.276 練功坊練習神器 單回詳解 PDF","idiom-weekly-33.pdf","idiom-pdf/idiom-weekly-33.pdf","https://oaoadna-1313.github.io/2026_new5Didiom/idiom-pdf/idiom-weekly-33.pdf","p.270-p.276",41,"第 33 回 完整題目與逐題解析"
81,"八上 詳解PDF","[八上] 成語週考第34回 p.277-p.283 練功坊練習神器 單回詳解 PDF","idiom-weekly-34.pdf","idiom-pdf/idiom-weekly-34.pdf","https://oaoadna-1313.github.io/2026_new5Didiom/idiom-pdf/idiom-weekly-34.pdf","p.277-p.283",42,"第 34 回 完整題目與逐題解析"
82,"八上 詳解PDF","[八上] 成語週考第35回 p.284-p.290 練功坊練習神器 單回詳解 PDF","idiom-weekly-35.pdf","idiom-pdf/idiom-weekly-35.pdf","https://oaoadna-1313.github.io/2026_new5Didiom/idiom-pdf/idiom-weekly-35.pdf","p.284-p.290",41,"第 35 回 完整題目與逐題解析"
83,"八上 詳解PDF","[八上] 成語週考第36回 p.291-p.298 練功坊練習神器 單回詳解 PDF","idiom-weekly-36.pdf","idiom-pdf/idiom-weekly-36.pdf","https://oaoadna-1313.github.io/2026_new5Didiom/idiom-pdf/idiom-weekly-36.pdf","p.291-p.298",44,"第 36 回 完整題目與逐題解析"
84,"八下 詳解PDF","[八下] 成語週考第37回 p.299-p.306 練功坊練習神器 單回詳解 PDF","idiom-weekly-37.pdf","idiom-pdf/idiom-weekly-37.pdf","https://oaoadna-1313.github.io/2026_new5Didiom/idiom-pdf/idiom-weekly-37.pdf","p.299-p.306",45,"第 37 回 完整題目與逐題解析"
85,"八下 詳解PDF","[八下] 成語週考第38回 p.307-p.314 練功坊練習神器 單回詳解 PDF","idiom-weekly-38.pdf","idiom-pdf/idiom-weekly-38.pdf","https://oaoadna-1313.github.io/2026_new5Didiom/idiom-pdf/idiom-weekly-38.pdf","p.307-p.314",44,"第 38 回 完整題目與逐題解析"
86,"八下 詳解PDF","[八下] 成語週考第39回 p.315-p.322 練功坊練習神器 單回詳解 PDF","idiom-weekly-39.pdf","idiom-pdf/idiom-weekly-39.pdf","https://oaoadna-1313.github.io/2026_new5Didiom/idiom-pdf/idiom-weekly-39.pdf","p.315-p.322",42,"第 39 回 完整題目與逐題解析"
87,"八下 詳解PDF","[八下] 成語週考第40回 p.323-p.330 練功坊練習神器 單回詳解 PDF","idiom-weekly-40.pdf","idiom-pdf/idiom-weekly-40.pdf","https://oaoadna-1313.github.io/2026_new5Didiom/idiom-pdf/idiom-weekly-40.pdf","p.323-p.330",45,"第 40 回 完整題目與逐題解析"
88,"八下 詳解PDF","[八下] 成語週考第41回 p.331-p.338 練功坊練習神器 單回詳解 PDF","idiom-weekly-41.pdf","idiom-pdf/idiom-weekly-41.pdf","https://oaoadna-1313.github.io/2026_new5Didiom/idiom-pdf/idiom-weekly-41.pdf","p.331-p.338",45,"第 41 回 完整題目與逐題解析"
89,"八下 詳解PDF","[八下] 成語週考第42回 p.339-p.346 練功坊練習神器 單回詳解 PDF","idiom-weekly-42.pdf","idiom-pdf/idiom-weekly-42.pdf","https://oaoadna-1313.github.io/2026_new5Didiom/idiom-pdf/idiom-weekly-42.pdf","p.339-p.346",43,"第 42 回 完整題目與逐題解析"
90,"八下 詳解PDF","[八下] 成語週考第43回 p.347-p.354 練功坊練習神器 單回詳解 PDF","idiom-weekly-43.pdf","idiom-pdf/idiom-weekly-43.pdf","https://oaoadna-1313.github.io/2026_new5Didiom/idiom-pdf/idiom-weekly-43.pdf","p.347-p.354",42,"第 43 回 完整題目與逐題解析"
91,"八下 詳解PDF","[八下] 成語週考第44回 p.355-p.362 練功坊練習神器 單回詳解 PDF","idiom-weekly-44.pdf","idiom-pdf/idiom-weekly-44.pdf","https://oaoadna-1313.github.io/2026_new5Didiom/idiom-pdf/idiom-weekly-44.pdf","p.355-p.362",43,"第 44 回 完整題目與逐題解析"
92,"八下 詳解PDF","[八下] 成語週考第45回 p.363-p.370 練功坊練習神器 單回詳解 PDF","idiom-weekly-45.pdf","idiom-pdf/idiom-weekly-45.pdf","https://oaoadna-1313.github.io/2026_new5Didiom/idiom-pdf/idiom-weekly-45.pdf","p.363-p.370",42,"第 45 回 完整題目與逐題解析"
93,"八下 詳解PDF","[八下] 成語週考第46回 p.371-p.377 練功坊練習神器 單回詳解 PDF","idiom-weekly-46.pdf","idiom-pdf/idiom-weekly-46.pdf","https://oaoadna-1313.github.io/2026_new5Didiom/idiom-pdf/idiom-weekly-46.pdf","p.371-p.377",36,"第 46 回 完整題目與逐題解析"
