項次,分類,名稱,標準網頁檔名,相對路徑,線上瀏覽網址
1,總部中控台,🏛️ 邁向會考之路——國文攻略（總部中控台）,index.html,index.html,https://oaoadna-1313.github.io/2026_CAP-Chinese/index.html
2,語文教學資源庫 - 旗艦首頁,📘 學思軒・語文教學資源網站（會考國文練習神器大寶庫）,practicetools-hub.html,practicetools-hub.html,https://oaoadna-1313.github.io/2026_CAP-Chinese/practicetools-hub.html
3,語文教學資源庫 - 旗艦首頁,📘 學思軒・語文教學資源網站（別名入口）,yuwen-hub.html,yuwen-hub.html,https://oaoadna-1313.github.io/2026_CAP-Chinese/yuwen-hub.html
4,成語教學資源庫 - 旗艦首頁,📗 學思軒・成語教學資源網站（成語練習神器 × 方城市測驗平台）,idiom-hub.html,idiom-hub.html,https://oaoadna-1313.github.io/2026_CAP-Chinese/idiom-hub.html
5,作文教學資源庫 - 旗艦首頁,✍️ 學思軒・作文教學資源網站（會考作文 · 閱思龍門文心雕龍）,composition-hub.html,composition-hub.html,https://oaoadna-1313.github.io/2026_CAP-Chinese/composition-hub.html
6,語文教學資源庫 - 語文學習集 (國文常識/文法修辭/國學測驗),[語文學習集練習神器]二十四節氣,yuwen-24-solar-terms.html,yuwen-practice/yuwen-24-solar-terms.html,https://oaoadna-1313.github.io/2026_CAP-Chinese/yuwen-practice/yuwen-24-solar-terms.html
7,語文教學資源庫 - 語文學習集 (國文常識/文法修辭/國學測驗),[語文學習集練習神器]ABB疊詞型形容詞,yuwen-abb-adjectives.html,yuwen-practice/yuwen-abb-adjectives.html,https://oaoadna-1313.github.io/2026_CAP-Chinese/yuwen-practice/yuwen-abb-adjectives.html
8,語文教學資源庫 - 語文學習集 (國文常識/文法修辭/國學測驗),[語文學習集練習神器]諧音歇後語,yuwen-allegory-homophone.html,yuwen-practice/yuwen-allegory-homophone.html,https://oaoadna-1313.github.io/2026_CAP-Chinese/yuwen-practice/yuwen-allegory-homophone.html
9,語文教學資源庫 - 語文學習集 (國文常識/文法修辭/國學測驗),[語文學習集練習神器]諧義歇後語,yuwen-allegory-meaning.html,yuwen-practice/yuwen-allegory-meaning.html,https://oaoadna-1313.github.io/2026_CAP-Chinese/yuwen-practice/yuwen-allegory-meaning.html
10,語文教學資源庫 - 語文學習集 (國文常識/文法修辭/國學測驗),[語文學習集練習神器]三國演義相關歇後語,yuwen-allegory-three-kingdoms.html,yuwen-practice/yuwen-allegory-three-kingdoms.html,https://oaoadna-1313.github.io/2026_CAP-Chinese/yuwen-practice/yuwen-allegory-three-kingdoms.html
11,語文教學資源庫 - 語文學習集 (國文常識/文法修辭/國學測驗),[語文學習集練習神器]論語相關佳句,yuwen-analects-quotes.html,yuwen-practice/yuwen-analects-quotes.html,https://oaoadna-1313.github.io/2026_CAP-Chinese/yuwen-practice/yuwen-analects-quotes.html
12,語文教學資源庫 - 語文學習集 (國文常識/文法修辭/國學測驗),[語文學習集練習神器]古今用語大不同──人體部位、動作,yuwen-ancient-modern-body.html,yuwen-practice/yuwen-ancient-modern-body.html,https://oaoadna-1313.github.io/2026_CAP-Chinese/yuwen-practice/yuwen-ancient-modern-body.html
13,語文教學資源庫 - 語文學習集 (國文常識/文法修辭/國學測驗),[語文學習集練習神器]古今用語大不同──職業篇,yuwen-ancient-modern-occupations.html,yuwen-practice/yuwen-ancient-modern-occupations.html,https://oaoadna-1313.github.io/2026_CAP-Chinese/yuwen-practice/yuwen-ancient-modern-occupations.html
14,語文教學資源庫 - 語文學習集 (國文常識/文法修辭/國學測驗),[語文學習集練習神器]古今用語大不同──人物篇,yuwen-ancient-modern-people.html,yuwen-practice/yuwen-ancient-modern-people.html,https://oaoadna-1313.github.io/2026_CAP-Chinese/yuwen-practice/yuwen-ancient-modern-people.html
15,語文教學資源庫 - 語文學習集 (國文常識/文法修辭/國學測驗),[語文學習集練習神器]古今容器大集合,yuwen-ancient-vessels.html,yuwen-practice/yuwen-ancient-vessels.html,https://oaoadna-1313.github.io/2026_CAP-Chinese/yuwen-practice/yuwen-ancient-vessels.html
16,語文教學資源庫 - 語文學習集 (國文常識/文法修辭/國學測驗),[語文學習集練習神器]書體判斷,yuwen-calligraphy-judgment.html,yuwen-practice/yuwen-calligraphy-judgment.html,https://oaoadna-1313.github.io/2026_CAP-Chinese/yuwen-practice/yuwen-calligraphy-judgment.html
17,語文教學資源庫 - 語文學習集 (國文常識/文法修辭/國學測驗),[語文學習集練習神器]量詞,yuwen-classifiers.html,yuwen-practice/yuwen-classifiers.html,https://oaoadna-1313.github.io/2026_CAP-Chinese/yuwen-practice/yuwen-classifiers.html
18,語文教學資源庫 - 語文學習集 (國文常識/文法修辭/國學測驗),[語文學習集練習神器]顏色字判斷,yuwen-color-words.html,yuwen-practice/yuwen-color-words.html,https://oaoadna-1313.github.io/2026_CAP-Chinese/yuwen-practice/yuwen-color-words.html
19,語文教學資源庫 - 語文學習集 (國文常識/文法修辭/國學測驗),[語文學習集]同義反義偏義複詞練習神器,yuwen-compound-words.html,yuwen-practice/yuwen-compound-words.html,https://oaoadna-1313.github.io/2026_CAP-Chinese/yuwen-practice/yuwen-compound-words.html
20,語文教學資源庫 - 語文學習集 (國文常識/文法修辭/國學測驗),[語文學習集]文意大補帖-中式,yuwen-comprehension-chinese.html,yuwen-practice/yuwen-comprehension-chinese.html,https://oaoadna-1313.github.io/2026_CAP-Chinese/yuwen-practice/yuwen-comprehension-chinese.html
21,語文教學資源庫 - 語文學習集 (國文常識/文法修辭/國學測驗),[語文學習集]文意大補帖-西式,yuwen-comprehension-western.html,yuwen-practice/yuwen-comprehension-western.html,https://oaoadna-1313.github.io/2026_CAP-Chinese/yuwen-practice/yuwen-comprehension-western.html
22,語文教學資源庫 - 語文學習集 (國文常識/文法修辭/國學測驗),[語文學習集練習神器]歷史人物典故成語,yuwen-confusable-words.html,yuwen-practice/yuwen-confusable-words.html,https://oaoadna-1313.github.io/2026_CAP-Chinese/yuwen-practice/yuwen-confusable-words.html
23,語文教學資源庫 - 語文學習集 (國文常識/文法修辭/國學測驗),[語文學習集練習神器]連接詞運用,yuwen-conjunctions.html,yuwen-practice/yuwen-conjunctions.html,https://oaoadna-1313.github.io/2026_CAP-Chinese/yuwen-practice/yuwen-conjunctions.html
24,語文教學資源庫 - 語文學習集 (國文常識/文法修辭/國學測驗),[語文學習集練習神器]對聯判斷,yuwen-couplets-judgment.html,yuwen-practice/yuwen-couplets-judgment.html,https://oaoadna-1313.github.io/2026_CAP-Chinese/yuwen-practice/yuwen-couplets-judgment.html
25,語文教學資源庫 - 語文學習集 (國文常識/文法修辭/國學測驗),[語文學習集練習神器]謙詞敬語-與親友、稱呼有關的敬語,yuwen-courtesy-01-honorific-relatives.html,yuwen-practice/yuwen-courtesy-01-honorific-relatives.html,https://oaoadna-1313.github.io/2026_CAP-Chinese/yuwen-practice/yuwen-courtesy-01-honorific-relatives.html
26,語文教學資源庫 - 語文學習集 (國文常識/文法修辭/國學測驗),[語文學習集練習神器]謙詞敬語-與親友稱呼有關的謙詞,yuwen-courtesy-02-humble-relatives.html,yuwen-practice/yuwen-courtesy-02-humble-relatives.html,https://oaoadna-1313.github.io/2026_CAP-Chinese/yuwen-practice/yuwen-courtesy-02-humble-relatives.html
27,語文教學資源庫 - 語文學習集 (國文常識/文法修辭/國學測驗),[語文學習集練習神器]謙詞敬語-與人的所有物有關的謙詞敬語,yuwen-courtesy-03-possessions.html,yuwen-practice/yuwen-courtesy-03-possessions.html,https://oaoadna-1313.github.io/2026_CAP-Chinese/yuwen-practice/yuwen-courtesy-03-possessions.html
28,語文教學資源庫 - 語文學習集 (國文常識/文法修辭/國學測驗),[語文學習集練習神器]謙詞敬語-與人的事情有關的謙詞敬語,yuwen-courtesy-04-actions.html,yuwen-practice/yuwen-courtesy-04-actions.html,https://oaoadna-1313.github.io/2026_CAP-Chinese/yuwen-practice/yuwen-courtesy-04-actions.html
29,語文教學資源庫 - 語文學習集 (國文常識/文法修辭/國學測驗),[語文學習集練習神器]謙詞敬語-書信往來訪客迎賓的謙詞敬語,yuwen-courtesy-05-letters-guests.html,yuwen-practice/yuwen-courtesy-05-letters-guests.html,https://oaoadna-1313.github.io/2026_CAP-Chinese/yuwen-practice/yuwen-courtesy-05-letters-guests.html
30,語文教學資源庫 - 語文學習集 (國文常識/文法修辭/國學測驗),[語文學習集練習神器]年齡代稱,yuwen-culture-age.html,yuwen-practice/yuwen-culture-age.html,https://oaoadna-1313.github.io/2026_CAP-Chinese/yuwen-practice/yuwen-culture-age.html
31,語文教學資源庫 - 語文學習集 (國文常識/文法修辭/國學測驗),[語文學習集練習神器]死亡代稱,yuwen-culture-death.html,yuwen-practice/yuwen-culture-death.html,https://oaoadna-1313.github.io/2026_CAP-Chinese/yuwen-practice/yuwen-culture-death.html
32,語文教學資源庫 - 語文學習集 (國文常識/文法修辭/國學測驗),[語文學習集練習神器]生活常用詞,yuwen-daily-words.html,yuwen-practice/yuwen-daily-words.html,https://oaoadna-1313.github.io/2026_CAP-Chinese/yuwen-practice/yuwen-daily-words.html
33,語文教學資源庫 - 語文學習集 (國文常識/文法修辭/國學測驗),[語文學習集]方位詞判斷練習神器,yuwen-direction-words.html,yuwen-practice/yuwen-direction-words.html,https://oaoadna-1313.github.io/2026_CAP-Chinese/yuwen-practice/yuwen-direction-words.html
34,語文教學資源庫 - 語文學習集 (國文常識/文法修辭/國學測驗),[語文學習集]雙重否定判斷練習神器,yuwen-double-negation.html,yuwen-practice/yuwen-double-negation.html,https://oaoadna-1313.github.io/2026_CAP-Chinese/yuwen-practice/yuwen-double-negation.html
35,語文教學資源庫 - 語文學習集 (國文常識/文法修辭/國學測驗),[語文學習集練習神器]病句判斷(詞語誤用&冗詞贅字),yuwen-faulty-sentences.html,yuwen-practice/yuwen-faulty-sentences.html,https://oaoadna-1313.github.io/2026_CAP-Chinese/yuwen-practice/yuwen-faulty-sentences.html
36,語文教學資源庫 - 語文學習集 (國文常識/文法修辭/國學測驗),[語文學習集練習神器]節慶(詩詞句),yuwen-festival-poems.html,yuwen-practice/yuwen-festival-poems.html,https://oaoadna-1313.github.io/2026_CAP-Chinese/yuwen-practice/yuwen-festival-poems.html
37,語文教學資源庫 - 語文學習集 (國文常識/文法修辭/國學測驗),[語文學習集練習神器]論語相關成語,yuwen-idiom-analects.html,yuwen-practice/yuwen-idiom-analects.html,https://oaoadna-1313.github.io/2026_CAP-Chinese/yuwen-practice/yuwen-idiom-analects.html
38,語文教學資源庫 - 語文學習集 (國文常識/文法修辭/國學測驗),[語文學習集練習神器]書籍典故成語,yuwen-idiom-book-allusions.html,yuwen-practice/yuwen-idiom-book-allusions.html,https://oaoadna-1313.github.io/2026_CAP-Chinese/yuwen-practice/yuwen-idiom-book-allusions.html
39,語文教學資源庫 - 語文學習集 (國文常識/文法修辭/國學測驗),[語文學習集練習神器]褒義貶義成語,yuwen-idiom-commendatory-derogatory.html,yuwen-practice/yuwen-idiom-commendatory-derogatory.html,https://oaoadna-1313.github.io/2026_CAP-Chinese/yuwen-practice/yuwen-idiom-commendatory-derogatory.html
40,語文教學資源庫 - 語文學習集 (國文常識/文法修辭/國學測驗),[語文學習集練習神器]經典基測、會考成語,yuwen-idiom-exam-classics.html,yuwen-practice/yuwen-idiom-exam-classics.html,https://oaoadna-1313.github.io/2026_CAP-Chinese/yuwen-practice/yuwen-idiom-exam-classics.html
41,語文教學資源庫 - 語文學習集 (國文常識/文法修辭/國學測驗),[語文學習集練習神器]朋友相關成語,yuwen-idiom-friends.html,yuwen-practice/yuwen-idiom-friends.html,https://oaoadna-1313.github.io/2026_CAP-Chinese/yuwen-practice/yuwen-idiom-friends.html
42,語文教學資源庫 - 語文學習集 (國文常識/文法修辭/國學測驗),[語文學習集練習神器]歷史人物典故成語,yuwen-idiom-historical-figures.html,yuwen-practice/yuwen-idiom-historical-figures.html,https://oaoadna-1313.github.io/2026_CAP-Chinese/yuwen-practice/yuwen-idiom-historical-figures.html
43,語文教學資源庫 - 語文學習集 (國文常識/文法修辭/國學測驗),[語文學習集練習神器]誇飾成語,yuwen-idiom-hyperbole.html,yuwen-practice/yuwen-idiom-hyperbole.html,https://oaoadna-1313.github.io/2026_CAP-Chinese/yuwen-practice/yuwen-idiom-hyperbole.html
44,語文教學資源庫 - 語文學習集 (國文常識/文法修辭/國學測驗),[語文學習集練習神器]孟子相關成語,yuwen-idiom-mencius.html,yuwen-practice/yuwen-idiom-mencius.html,https://oaoadna-1313.github.io/2026_CAP-Chinese/yuwen-practice/yuwen-idiom-mencius.html
45,語文教學資源庫 - 語文學習集 (國文常識/文法修辭/國學測驗),[語文學習集練習神器]四字以上成語(上),yuwen-idiom-multi-char-1.html,yuwen-practice/yuwen-idiom-multi-char-1.html,https://oaoadna-1313.github.io/2026_CAP-Chinese/yuwen-practice/yuwen-idiom-multi-char-1.html
46,語文教學資源庫 - 語文學習集 (國文常識/文法修辭/國學測驗),[語文學習集練習神器]四字以上成語(中),yuwen-idiom-multi-char-2.html,yuwen-practice/yuwen-idiom-multi-char-2.html,https://oaoadna-1313.github.io/2026_CAP-Chinese/yuwen-practice/yuwen-idiom-multi-char-2.html
47,語文教學資源庫 - 語文學習集 (國文常識/文法修辭/國學測驗),[語文學習集練習神器]四字以上成語(下),yuwen-idiom-multi-char-3.html,yuwen-practice/yuwen-idiom-multi-char-3.html,https://oaoadna-1313.github.io/2026_CAP-Chinese/yuwen-practice/yuwen-idiom-multi-char-3.html
48,語文教學資源庫 - 語文學習集 (國文常識/文法修辭/國學測驗),[語文學習集練習神器]動物植物大自然成語,yuwen-idiom-nature.html,yuwen-practice/yuwen-idiom-nature.html,https://oaoadna-1313.github.io/2026_CAP-Chinese/yuwen-practice/yuwen-idiom-nature.html
49,語文教學資源庫 - 語文學習集 (國文常識/文法修辭/國學測驗),[語文學習集練習神器]雙句成語(上),yuwen-idiom-paired-1.html,yuwen-practice/yuwen-idiom-paired-1.html,https://oaoadna-1313.github.io/2026_CAP-Chinese/yuwen-practice/yuwen-idiom-paired-1.html
50,語文教學資源庫 - 語文學習集 (國文常識/文法修辭/國學測驗),[語文學習集練習神器]雙句成語(下),yuwen-idiom-paired-2.html,yuwen-practice/yuwen-idiom-paired-2.html,https://oaoadna-1313.github.io/2026_CAP-Chinese/yuwen-practice/yuwen-idiom-paired-2.html
51,語文教學資源庫 - 語文學習集 (國文常識/文法修辭/國學測驗),[語文學習集練習神器]與人相關成語,yuwen-idiom-people.html,yuwen-practice/yuwen-idiom-people.html,https://oaoadna-1313.github.io/2026_CAP-Chinese/yuwen-practice/yuwen-idiom-people.html
52,語文教學資源庫 - 語文學習集 (國文常識/文法修辭/國學測驗),[語文學習集練習神器]疊字成語,yuwen-idiom-reduplication.html,yuwen-practice/yuwen-idiom-reduplication.html,https://oaoadna-1313.github.io/2026_CAP-Chinese/yuwen-practice/yuwen-idiom-reduplication.html
53,語文教學資源庫 - 語文學習集 (國文常識/文法修辭/國學測驗),[語文學習集練習神器]《史記》經典成語,yuwen-idiom-shiji-classic.html,yuwen-practice/yuwen-idiom-shiji-classic.html,https://oaoadna-1313.github.io/2026_CAP-Chinese/yuwen-practice/yuwen-idiom-shiji-classic.html
54,語文教學資源庫 - 語文學習集 (國文常識/文法修辭/國學測驗),[語文學習集練習神器]《史記》相關成語,yuwen-idiom-shiji.html,yuwen-practice/yuwen-idiom-shiji.html,https://oaoadna-1313.github.io/2026_CAP-Chinese/yuwen-practice/yuwen-idiom-shiji.html
55,語文教學資源庫 - 語文學習集 (國文常識/文法修辭/國學測驗),[語文學習集練習神器]世說新語成語,yuwen-idiom-shishuo.html,yuwen-practice/yuwen-idiom-shishuo.html,https://oaoadna-1313.github.io/2026_CAP-Chinese/yuwen-practice/yuwen-idiom-shishuo.html
56,語文教學資源庫 - 語文學習集 (國文常識/文法修辭/國學測驗),[語文學習集練習神器]相似相反成語,yuwen-idiom-synonyms-antonyms.html,yuwen-practice/yuwen-idiom-synonyms-antonyms.html,https://oaoadna-1313.github.io/2026_CAP-Chinese/yuwen-practice/yuwen-idiom-synonyms-antonyms.html
57,語文教學資源庫 - 語文學習集 (國文常識/文法修辭/國學測驗),[語文學習集練習神器]三國演義相關成語,yuwen-idiom-three-kingdoms.html,yuwen-practice/yuwen-idiom-three-kingdoms.html,https://oaoadna-1313.github.io/2026_CAP-Chinese/yuwen-practice/yuwen-idiom-three-kingdoms.html
58,語文教學資源庫 - 語文學習集 (國文常識/文法修辭/國學測驗),[語文學習集練習神器]戰國策與先秦歷史相關成語,yuwen-idiom-zhanguoce.html,yuwen-practice/yuwen-idiom-zhanguoce.html,https://oaoadna-1313.github.io/2026_CAP-Chinese/yuwen-practice/yuwen-idiom-zhanguoce.html
59,語文教學資源庫 - 語文學習集 (國文常識/文法修辭/國學測驗),[語文學習集練習神器]實數與虛數,yuwen-idiomatic-phrases.html,yuwen-practice/yuwen-idiomatic-phrases.html,https://oaoadna-1313.github.io/2026_CAP-Chinese/yuwen-practice/yuwen-idiomatic-phrases.html
60,語文教學資源庫 - 語文學習集 (國文常識/文法修辭/國學測驗),[語文學習集練習神器]題辭成語(考成語版),yuwen-inscriptions-advanced.html,yuwen-practice/yuwen-inscriptions-advanced.html,https://oaoadna-1313.github.io/2026_CAP-Chinese/yuwen-practice/yuwen-inscriptions-advanced.html
61,語文教學資源庫 - 語文學習集 (國文常識/文法修辭/國學測驗),[語文學習集]題辭大全練習神器,yuwen-inscriptions-all.html,yuwen-practice/yuwen-inscriptions-all.html,https://oaoadna-1313.github.io/2026_CAP-Chinese/yuwen-practice/yuwen-inscriptions-all.html
62,語文教學資源庫 - 語文學習集 (國文常識/文法修辭/國學測驗),[語文學習集]題辭成語(初階_考成語版),yuwen-inscriptions-basic.html,yuwen-practice/yuwen-inscriptions-basic.html,https://oaoadna-1313.github.io/2026_CAP-Chinese/yuwen-practice/yuwen-inscriptions-basic.html
63,語文教學資源庫 - 語文學習集 (國文常識/文法修辭/國學測驗),[語文學習集練習神器]題辭成語(考分類版),yuwen-inscriptions-category.html,yuwen-practice/yuwen-inscriptions-category.html,https://oaoadna-1313.github.io/2026_CAP-Chinese/yuwen-practice/yuwen-inscriptions-category.html
64,語文教學資源庫 - 語文學習集 (國文常識/文法修辭/國學測驗),[語文學習集練習神器]通同字,yuwen-interchangeable-chars.html,yuwen-practice/yuwen-interchangeable-chars.html,https://oaoadna-1313.github.io/2026_CAP-Chinese/yuwen-practice/yuwen-interchangeable-chars.html
65,語文教學資源庫 - 語文學習集 (國文常識/文法修辭/國學測驗),[語文學習集練習神器]書信稱謂,yuwen-letters-appellations.html,yuwen-practice/yuwen-letters-appellations.html,https://oaoadna-1313.github.io/2026_CAP-Chinese/yuwen-practice/yuwen-letters-appellations.html
66,語文教學資源庫 - 語文學習集 (國文常識/文法修辭/國學測驗),[語文學習集]書信與謙詞敬語練習神器,yuwen-letters-courtesy.html,yuwen-practice/yuwen-letters-courtesy.html,https://oaoadna-1313.github.io/2026_CAP-Chinese/yuwen-practice/yuwen-letters-courtesy.html
67,語文教學資源庫 - 語文學習集 (國文常識/文法修辭/國學測驗),[語文學習集練習神器]書信用語,yuwen-letters-terminology.html,yuwen-practice/yuwen-letters-terminology.html,https://oaoadna-1313.github.io/2026_CAP-Chinese/yuwen-practice/yuwen-letters-terminology.html
68,語文教學資源庫 - 語文學習集 (國文常識/文法修辭/國學測驗),[語文學習集練習神器]外來語,yuwen-loanwords.html,yuwen-practice/yuwen-loanwords.html,https://oaoadna-1313.github.io/2026_CAP-Chinese/yuwen-practice/yuwen-loanwords.html
69,語文教學資源庫 - 語文學習集 (國文常識/文法修辭/國學測驗),[語文學習集練習神器]常誤讀字-蟲魚鳥獸,yuwen-misread-animals.html,yuwen-practice/yuwen-misread-animals.html,https://oaoadna-1313.github.io/2026_CAP-Chinese/yuwen-practice/yuwen-misread-animals.html
70,語文教學資源庫 - 語文學習集 (國文常識/文法修辭/國學測驗),[語文學習集練習神器]常誤讀字-綜合練習(上),yuwen-misread-comprehensive-1.html,yuwen-practice/yuwen-misread-comprehensive-1.html,https://oaoadna-1313.github.io/2026_CAP-Chinese/yuwen-practice/yuwen-misread-comprehensive-1.html
71,語文教學資源庫 - 語文學習集 (國文常識/文法修辭/國學測驗),[語文學習集練習神器]常誤讀字-綜合練習(下),yuwen-misread-comprehensive-2.html,yuwen-practice/yuwen-misread-comprehensive-2.html,https://oaoadna-1313.github.io/2026_CAP-Chinese/yuwen-practice/yuwen-misread-comprehensive-2.html
72,語文教學資源庫 - 語文學習集 (國文常識/文法修辭/國學測驗),[語文學習集練習神器]常誤讀字-美食類別,yuwen-misread-food.html,yuwen-practice/yuwen-misread-food.html,https://oaoadna-1313.github.io/2026_CAP-Chinese/yuwen-practice/yuwen-misread-food.html
73,語文教學資源庫 - 語文學習集 (國文常識/文法修辭/國學測驗),[語文學習集練習神器]常誤讀字-成語類別,yuwen-misread-idioms.html,yuwen-practice/yuwen-misread-idioms.html,https://oaoadna-1313.github.io/2026_CAP-Chinese/yuwen-practice/yuwen-misread-idioms.html
74,語文教學資源庫 - 語文學習集 (國文常識/文法修辭/國學測驗),[語文學習集練習神器] 多音字「吐」字音練習,yuwen-misread-tu.html,yuwen-practice/yuwen-misread-tu.html,https://oaoadna-1313.github.io/2026_CAP-Chinese/yuwen-practice/yuwen-misread-tu.html
75,語文教學資源庫 - 語文學習集 (國文常識/文法修辭/國學測驗),[語文學習集練習神器]小說回目,yuwen-novel-chapters.html,yuwen-practice/yuwen-novel-chapters.html,https://oaoadna-1313.github.io/2026_CAP-Chinese/yuwen-practice/yuwen-novel-chapters.html
76,語文教學資源庫 - 語文學習集 (國文常識/文法修辭/國學測驗),[語文學習集練習神器]小說流變,yuwen-novel-evolution.html,yuwen-practice/yuwen-novel-evolution.html,https://oaoadna-1313.github.io/2026_CAP-Chinese/yuwen-practice/yuwen-novel-evolution.html
77,語文教學資源庫 - 語文學習集 (國文常識/文法修辭/國學測驗),[語文學習集練習神器]實數與虛數,yuwen-numbers-real-virtual.html,yuwen-practice/yuwen-numbers-real-virtual.html,https://oaoadna-1313.github.io/2026_CAP-Chinese/yuwen-practice/yuwen-numbers-real-virtual.html
78,語文教學資源庫 - 語文學習集 (國文常識/文法修辭/國學測驗),[語文學習集練習神器]狀聲詞,yuwen-onomatopoeia.html,yuwen-practice/yuwen-onomatopoeia.html,https://oaoadna-1313.github.io/2026_CAP-Chinese/yuwen-practice/yuwen-onomatopoeia.html
79,語文教學資源庫 - 語文學習集 (國文常識/文法修辭/國學測驗),[語文學習集練習神器]詞性判斷,yuwen-part-of-speech.html,yuwen-practice/yuwen-part-of-speech.html,https://oaoadna-1313.github.io/2026_CAP-Chinese/yuwen-practice/yuwen-part-of-speech.html
80,語文教學資源庫 - 語文學習集 (國文常識/文法修辭/國學測驗),[語文學習集練習神器]詠物詩(動植物),yuwen-poetry-flora-fauna.html,yuwen-practice/yuwen-poetry-flora-fauna.html,https://oaoadna-1313.github.io/2026_CAP-Chinese/yuwen-practice/yuwen-poetry-flora-fauna.html
81,語文教學資源庫 - 語文學習集 (國文常識/文法修辭/國學測驗),[語文學習集練習神器]詩詞的常見意象,yuwen-poetry-imagery.html,yuwen-practice/yuwen-poetry-imagery.html,https://oaoadna-1313.github.io/2026_CAP-Chinese/yuwen-practice/yuwen-poetry-imagery.html
82,語文教學資源庫 - 語文學習集 (國文常識/文法修辭/國學測驗),[語文學習集練習神器]詠物詩(物品及其他),yuwen-poetry-objects.html,yuwen-practice/yuwen-poetry-objects.html,https://oaoadna-1313.github.io/2026_CAP-Chinese/yuwen-practice/yuwen-poetry-objects.html
83,語文教學資源庫 - 語文學習集 (國文常識/文法修辭/國學測驗),[語文學習集練習神器]詠人(關鍵字),yuwen-poetry-people-keywords.html,yuwen-practice/yuwen-poetry-people-keywords.html,https://oaoadna-1313.github.io/2026_CAP-Chinese/yuwen-practice/yuwen-poetry-people-keywords.html
84,語文教學資源庫 - 語文學習集 (國文常識/文法修辭/國學測驗),[語文學習集練習神器]詠人(詩詞句),yuwen-poetry-people-verses.html,yuwen-practice/yuwen-poetry-people-verses.html,https://oaoadna-1313.github.io/2026_CAP-Chinese/yuwen-practice/yuwen-poetry-people-verses.html
85,語文教學資源庫 - 語文學習集 (國文常識/文法修辭/國學測驗),[語文學習集練習神器]詩詞表現手法,yuwen-poetry-techniques.html,yuwen-practice/yuwen-poetry-techniques.html,https://oaoadna-1313.github.io/2026_CAP-Chinese/yuwen-practice/yuwen-poetry-techniques.html
86,語文教學資源庫 - 語文學習集 (國文常識/文法修辭/國學測驗),[語文學習集練習神器]詞性活用判斷,yuwen-pos-inflection.html,yuwen-practice/yuwen-pos-inflection.html,https://oaoadna-1313.github.io/2026_CAP-Chinese/yuwen-practice/yuwen-pos-inflection.html
87,語文教學資源庫 - 語文學習集 (國文常識/文法修辭/國學測驗),[語文學習集練習神器]詞性結構判斷,yuwen-pos-structure.html,yuwen-practice/yuwen-pos-structure.html,https://oaoadna-1313.github.io/2026_CAP-Chinese/yuwen-practice/yuwen-pos-structure.html
88,語文教學資源庫 - 語文學習集 (國文常識/文法修辭/國學測驗),[語文學習集練習神器]古文格言,yuwen-prose-maxims.html,yuwen-practice/yuwen-prose-maxims.html,https://oaoadna-1313.github.io/2026_CAP-Chinese/yuwen-practice/yuwen-prose-maxims.html
89,語文教學資源庫 - 語文學習集 (國文常識/文法修辭/國學測驗),[語文學習集練習神器]蘇軾名句填空,yuwen-quotes-sushi.html,yuwen-practice/yuwen-quotes-sushi.html,https://oaoadna-1313.github.io/2026_CAP-Chinese/yuwen-practice/yuwen-quotes-sushi.html
90,語文教學資源庫 - 語文學習集 (國文常識/文法修辭/國學測驗),[語文學習集練習神器]生僻字重要詞語版,yuwen-rare-words.html,yuwen-practice/yuwen-rare-words.html,https://oaoadna-1313.github.io/2026_CAP-Chinese/yuwen-practice/yuwen-rare-words.html
91,語文教學資源庫 - 語文學習集 (國文常識/文法修辭/國學測驗),[語文學習集練習神器]映襯法,yuwen-rhetoric-contrast.html,yuwen-practice/yuwen-rhetoric-contrast.html,https://oaoadna-1313.github.io/2026_CAP-Chinese/yuwen-practice/yuwen-rhetoric-contrast.html
92,語文教學資源庫 - 語文學習集 (國文常識/文法修辭/國學測驗),[語文學習集練習神器]摹寫修辭,yuwen-rhetoric-sensory.html,yuwen-practice/yuwen-rhetoric-sensory.html,https://oaoadna-1313.github.io/2026_CAP-Chinese/yuwen-practice/yuwen-rhetoric-sensory.html
93,語文教學資源庫 - 語文學習集 (國文常識/文法修辭/國學測驗),[語文學習集練習神器]移覺(通感)修辭,yuwen-rhetoric-synesthesia.html,yuwen-practice/yuwen-rhetoric-synesthesia.html,https://oaoadna-1313.github.io/2026_CAP-Chinese/yuwen-practice/yuwen-rhetoric-synesthesia.html
94,語文教學資源庫 - 語文學習集 (國文常識/文法修辭/國學測驗),[語文學習集練習神器]動物猜謎,yuwen-riddle-animals.html,yuwen-practice/yuwen-riddle-animals.html,https://oaoadna-1313.github.io/2026_CAP-Chinese/yuwen-practice/yuwen-riddle-animals.html
95,語文教學資源庫 - 語文學習集 (國文常識/文法修辭/國學測驗),[語文學習集練習神器]季節(關鍵字詞),yuwen-season-keywords.html,yuwen-practice/yuwen-season-keywords.html,https://oaoadna-1313.github.io/2026_CAP-Chinese/yuwen-practice/yuwen-season-keywords.html
96,語文教學資源庫 - 語文學習集 (國文常識/文法修辭/國學測驗),[語文學習集練習神器]季節(相關詞句),yuwen-season-verses.html,yuwen-practice/yuwen-season-verses.html,https://oaoadna-1313.github.io/2026_CAP-Chinese/yuwen-practice/yuwen-season-verses.html
97,語文教學資源庫 - 語文學習集 (國文常識/文法修辭/國學測驗),[語文學習集練習神器]句子涵義(文言文),yuwen-sentence-meaning-classical.html,yuwen-practice/yuwen-sentence-meaning-classical.html,https://oaoadna-1313.github.io/2026_CAP-Chinese/yuwen-practice/yuwen-sentence-meaning-classical.html
98,語文教學資源庫 - 語文學習集 (國文常識/文法修辭/國學測驗),[語文學習集練習神器]句子涵義(俗諺),yuwen-sentence-meaning-proverbs.html,yuwen-practice/yuwen-sentence-meaning-proverbs.html,https://oaoadna-1313.github.io/2026_CAP-Chinese/yuwen-practice/yuwen-sentence-meaning-proverbs.html
99,語文教學資源庫 - 語文學習集 (國文常識/文法修辭/國學測驗),[語文學習集練習神器]句子涵義(白話文),yuwen-sentence-meaning-vernacular.html,yuwen-practice/yuwen-sentence-meaning-vernacular.html,https://oaoadna-1313.github.io/2026_CAP-Chinese/yuwen-practice/yuwen-sentence-meaning-vernacular.html
100,語文教學資源庫 - 語文學習集 (國文常識/文法修辭/國學測驗),[語文學習集練習神器]句子的語氣,yuwen-sentence-tone.html,yuwen-practice/yuwen-sentence-tone.html,https://oaoadna-1313.github.io/2026_CAP-Chinese/yuwen-practice/yuwen-sentence-tone.html
101,語文教學資源庫 - 語文學習集 (國文常識/文法修辭/國學測驗),[語文學習集]判斷句型練習神器,yuwen-sentence-types.html,yuwen-practice/yuwen-sentence-types.html,https://oaoadna-1313.github.io/2026_CAP-Chinese/yuwen-practice/yuwen-sentence-types.html
102,語文教學資源庫 - 語文學習集 (國文常識/文法修辭/國學測驗),[語文學習集練習神器]《世說新語》36類目,yuwen-shishuo-36-categories.html,yuwen-practice/yuwen-shishuo-36-categories.html,https://oaoadna-1313.github.io/2026_CAP-Chinese/yuwen-practice/yuwen-shishuo-36-categories.html
103,語文教學資源庫 - 語文學習集 (國文常識/文法修辭/國學測驗),[語文學習集練習神器]判斷六書,yuwen-six-writings.html,yuwen-practice/yuwen-six-writings.html,https://oaoadna-1313.github.io/2026_CAP-Chinese/yuwen-practice/yuwen-six-writings.html
104,語文教學資源庫 - 語文學習集 (國文常識/文法修辭/國學測驗),[語文學習集練習神器]宋詞精選填空(上),yuwen-song-ci-1.html,yuwen-practice/yuwen-song-ci-1.html,https://oaoadna-1313.github.io/2026_CAP-Chinese/yuwen-practice/yuwen-song-ci-1.html
105,語文教學資源庫 - 語文學習集 (國文常識/文法修辭/國學測驗),[語文學習集練習神器]宋詞精選填空(下),yuwen-song-ci-2.html,yuwen-practice/yuwen-song-ci-2.html,https://oaoadna-1313.github.io/2026_CAP-Chinese/yuwen-practice/yuwen-song-ci-2.html
106,語文教學資源庫 - 語文學習集 (國文常識/文法修辭/國學測驗),[語文學習集練習神器]宋詞50精選填空,yuwen-song-ci-50.html,yuwen-practice/yuwen-song-ci-50.html,https://oaoadna-1313.github.io/2026_CAP-Chinese/yuwen-practice/yuwen-song-ci-50.html
107,語文教學資源庫 - 語文學習集 (國文常識/文法修辭/國學測驗),[語文學習集練習神器]三十六計,yuwen-thirty-six-stratagems.html,yuwen-practice/yuwen-thirty-six-stratagems.html,https://oaoadna-1313.github.io/2026_CAP-Chinese/yuwen-practice/yuwen-thirty-six-stratagems.html
108,語文教學資源庫 - 語文學習集 (國文常識/文法修辭/國學測驗),[語文學習集練習神器]易錯字一百,yuwen-typo-hundred.html,yuwen-practice/yuwen-typo-hundred.html,https://oaoadna-1313.github.io/2026_CAP-Chinese/yuwen-practice/yuwen-typo-hundred.html
109,語文教學資源庫 - 語文學習集 (國文常識/文法修辭/國學測驗),[語文學習集練習神器]一詞多義,yuwen-word-polysemy.html,yuwen-practice/yuwen-word-polysemy.html,https://oaoadna-1313.github.io/2026_CAP-Chinese/yuwen-practice/yuwen-word-polysemy.html
110,語文教學資源庫 - 語文學習集 (國文常識/文法修辭/國學測驗),[語文學習集練習神器]然字詞語,yuwen-word-ran.html,yuwen-practice/yuwen-word-ran.html,https://oaoadna-1313.github.io/2026_CAP-Chinese/yuwen-practice/yuwen-word-ran.html
111,語文教學資源庫 - 語文學習集 (國文常識/文法修辭/國學測驗),[語文學習集練習神器]疊字詞,yuwen-word-reduplication.html,yuwen-practice/yuwen-word-reduplication.html,https://oaoadna-1313.github.io/2026_CAP-Chinese/yuwen-practice/yuwen-word-reduplication.html
112,語文教學資源庫 - 橘子形音義 (核心單元),[語文學習集練習神器](橘子)10-1[字形]易錯字(上),orange-10-1-shape-typo-1.html,orange-practice/orange-10-1-shape-typo-1.html,https://oaoadna-1313.github.io/2026_CAP-Chinese/orange-practice/orange-10-1-shape-typo-1.html
113,語文教學資源庫 - 橘子形音義 (核心單元),[語文學習集練習神器](橘子)10-1[字形]易錯字(下),orange-10-1-shape-typo-2.html,orange-practice/orange-10-1-shape-typo-2.html,https://oaoadna-1313.github.io/2026_CAP-Chinese/orange-practice/orange-10-1-shape-typo-2.html
114,語文教學資源庫 - 橘子形音義 (核心單元),[語文學習集練習神器](橘子)10-2[字形]常誤用字辨別,orange-10-2-shape-misused.html,orange-practice/orange-10-2-shape-misused.html,https://oaoadna-1313.github.io/2026_CAP-Chinese/orange-practice/orange-10-2-shape-misused.html
115,語文教學資源庫 - 橘子形音義 (核心單元),(橘子)10-3[字形]形近字(上),orange-10-3-shape-similar-1.html,orange-practice/orange-10-3-shape-similar-1.html,https://oaoadna-1313.github.io/2026_CAP-Chinese/orange-practice/orange-10-3-shape-similar-1.html
116,語文教學資源庫 - 橘子形音義 (核心單元),(橘子)10-3[字形]形近字(中),orange-10-3-shape-similar-2.html,orange-practice/orange-10-3-shape-similar-2.html,https://oaoadna-1313.github.io/2026_CAP-Chinese/orange-practice/orange-10-3-shape-similar-2.html
117,語文教學資源庫 - 橘子形音義 (核心單元),(橘子)10-3[字形]形近字(下),orange-10-3-shape-similar-3.html,orange-practice/orange-10-3-shape-similar-3.html,https://oaoadna-1313.github.io/2026_CAP-Chinese/orange-practice/orange-10-3-shape-similar-3.html
118,語文教學資源庫 - 橘子形音義 (核心單元),(橘子)11-1[字音]常誤讀字-03蟲魚鳥獸,orange-11-1-sound-animals.html,orange-practice/orange-11-1-sound-animals.html,https://oaoadna-1313.github.io/2026_CAP-Chinese/orange-practice/orange-11-1-sound-animals.html
119,語文教學資源庫 - 橘子形音義 (核心單元),(橘子)11-1[字音]常誤讀字-02美食料理,orange-11-1-sound-food.html,orange-practice/orange-11-1-sound-food.html,https://oaoadna-1313.github.io/2026_CAP-Chinese/orange-practice/orange-11-1-sound-food.html
120,語文教學資源庫 - 橘子形音義 (核心單元),(橘子)11-1[字音]常誤讀字-01成語類別,orange-11-1-sound-idiom.html,orange-practice/orange-11-1-sound-idiom.html,https://oaoadna-1313.github.io/2026_CAP-Chinese/orange-practice/orange-11-1-sound-idiom.html
121,語文教學資源庫 - 橘子形音義 (核心單元),(橘子)11-1[字音]常誤讀字-04其他(上),orange-11-1-sound-others-1.html,orange-practice/orange-11-1-sound-others-1.html,https://oaoadna-1313.github.io/2026_CAP-Chinese/orange-practice/orange-11-1-sound-others-1.html
122,語文教學資源庫 - 橘子形音義 (核心單元),(橘子)11-1[字音]常誤讀字-01成語類別,orange-11-1-sound-others-2.html,orange-practice/orange-11-1-sound-others-2.html,https://oaoadna-1313.github.io/2026_CAP-Chinese/orange-practice/orange-11-1-sound-others-2.html
123,語文教學資源庫 - 橘子形音義 (核心單元),(橘子)11-1[字音]常誤讀字-04其他(下),orange-11-1-sound-others-3.html,orange-practice/orange-11-1-sound-others-3.html,https://oaoadna-1313.github.io/2026_CAP-Chinese/orange-practice/orange-11-1-sound-others-3.html
124,語文教學資源庫 - 橘子形音義 (核心單元),(橘子)11-2[字音]一字多音(上),orange-11-2-sound-polyphone-1.html,orange-practice/orange-11-2-sound-polyphone-1.html,https://oaoadna-1313.github.io/2026_CAP-Chinese/orange-practice/orange-11-2-sound-polyphone-1.html
125,語文教學資源庫 - 橘子形音義 (核心單元),(橘子)11-2[字音]一字多音(中),orange-11-2-sound-polyphone-2.html,orange-practice/orange-11-2-sound-polyphone-2.html,https://oaoadna-1313.github.io/2026_CAP-Chinese/orange-practice/orange-11-2-sound-polyphone-2.html
126,語文教學資源庫 - 橘子形音義 (核心單元),(橘子)11-2[字音]一字多音(下),orange-11-2-sound-polyphone-3.html,orange-practice/orange-11-2-sound-polyphone-3.html,https://oaoadna-1313.github.io/2026_CAP-Chinese/orange-practice/orange-11-2-sound-polyphone-3.html
127,語文教學資源庫 - 橘子形音義 (核心單元),[一字多義] 白/平/名/的/徒/乃/輾 練習神器,orange-12-1-meaning-polysemy-01.html,orange-practice/orange-12-1-meaning-polysemy-01.html,https://oaoadna-1313.github.io/2026_CAP-Chinese/orange-practice/orange-12-1-meaning-polysemy-01.html
128,語文教學資源庫 - 橘子形音義 (核心單元),[一字多義] 令/故/蓋/見/顧 練習神器,orange-12-1-meaning-polysemy-02.html,orange-practice/orange-12-1-meaning-polysemy-02.html,https://oaoadna-1313.github.io/2026_CAP-Chinese/orange-practice/orange-12-1-meaning-polysemy-02.html
129,語文教學資源庫 - 橘子形音義 (核心單元),[一字多義] 經/就/盡/絕/息 練習神器,orange-12-1-meaning-polysemy-03.html,orange-practice/orange-12-1-meaning-polysemy-03.html,https://oaoadna-1313.github.io/2026_CAP-Chinese/orange-practice/orange-12-1-meaning-polysemy-03.html
130,語文教學資源庫 - 橘子形音義 (核心單元),[一字多義] 去/卻/且/下/向 練習神器,orange-12-1-meaning-polysemy-04.html,orange-practice/orange-12-1-meaning-polysemy-04.html,https://oaoadna-1313.github.io/2026_CAP-Chinese/orange-practice/orange-12-1-meaning-polysemy-04.html
131,語文教學資源庫 - 橘子形音義 (核心單元),[一字多義] 相/行/之/穿/使 練習神器,orange-12-1-meaning-polysemy-05.html,orange-practice/orange-12-1-meaning-polysemy-05.html,https://oaoadna-1313.github.io/2026_CAP-Chinese/orange-practice/orange-12-1-meaning-polysemy-05.html
132,語文教學資源庫 - 橘子形音義 (核心單元),[一字多義] 是/士/上/適/如 練習神器,orange-12-1-meaning-polysemy-06.html,orange-practice/orange-12-1-meaning-polysemy-06.html,https://oaoadna-1313.github.io/2026_CAP-Chinese/orange-practice/orange-12-1-meaning-polysemy-06.html
133,語文教學資源庫 - 橘子形音義 (核心單元),[一字多義] 入/然/若/錯/素/已/以/益 練習神器,orange-12-1-meaning-polysemy-07.html,orange-practice/orange-12-1-meaning-polysemy-07.html,https://oaoadna-1313.github.io/2026_CAP-Chinese/orange-practice/orange-12-1-meaning-polysemy-07.html
134,語文教學資源庫 - 橘子形音義 (核心單元),[一字多義] 易/也/為/物 練習神器,orange-12-1-meaning-polysemy-08.html,orange-practice/orange-12-1-meaning-polysemy-08.html,https://oaoadna-1313.github.io/2026_CAP-Chinese/orange-practice/orange-12-1-meaning-polysemy-08.html
135,語文教學資源庫 - 橘子形音義 (核心單元),[一字多義] 因/望/於/安 練習神器,orange-12-1-meaning-polysemy-09.html,orange-practice/orange-12-1-meaning-polysemy-09.html,https://oaoadna-1313.github.io/2026_CAP-Chinese/orange-practice/orange-12-1-meaning-polysemy-09.html
136,語文教學資源庫 - 橘子形音義 (核心單元),[一字多義] 焉/而/禁/幾/窮/謝 練習神器,orange-12-1-meaning-polysemy-10.html,orange-practice/orange-12-1-meaning-polysemy-10.html,https://oaoadna-1313.github.io/2026_CAP-Chinese/orange-practice/orange-12-1-meaning-polysemy-10.html
137,語文教學資源庫 - 國寶練功房 (課本精選延伸),時序之美：傳統節日與二十四節氣互動學習殿堂,holiday.html,kuobao-practice/holiday.html,https://oaoadna-1313.github.io/2026_CAP-Chinese/kuobao-practice/holiday.html
138,語文教學資源庫 - 國寶練功房 (課本精選延伸),[語文學習集練習神器]二十四節氣,24-solar-terms.html,kuobao-practice/holiday/24-solar-terms.html,https://oaoadna-1313.github.io/2026_CAP-Chinese/kuobao-practice/holiday/24-solar-terms.html
139,語文教學資源庫 - 國寶練功房 (課本精選延伸),[語文學習集練習神器]節慶(詩詞句),festival-poems.html,kuobao-practice/holiday/festival-poems.html,https://oaoadna-1313.github.io/2026_CAP-Chinese/kuobao-practice/holiday/festival-poems.html
140,語文教學資源庫 - 國寶練功房 (課本精選延伸),[語文學習集練習神器]季節(關鍵字詞),season-keywords.html,kuobao-practice/holiday/season-keywords.html,https://oaoadna-1313.github.io/2026_CAP-Chinese/kuobao-practice/holiday/season-keywords.html
141,語文教學資源庫 - 國寶練功房 (課本精選延伸),[語文學習集練習神器]季節(相關詞句),season-verses.html,kuobao-practice/holiday/season-verses.html,https://oaoadna-1313.github.io/2026_CAP-Chinese/kuobao-practice/holiday/season-verses.html
142,語文教學資源庫 - 國寶練功房 (課本精選延伸),語文補給站｜移覺（通感）修辭互動學習殿堂,yijay.html,kuobao-practice/yijay.html,https://oaoadna-1313.github.io/2026_CAP-Chinese/kuobao-practice/yijay.html
143,語文教學資源庫 - 國寶練功房 (課本精選延伸),[語文學習集練習神器]移覺(通感)修辭,synesthesia-practice.html,kuobao-practice/yijay/synesthesia-practice.html,https://oaoadna-1313.github.io/2026_CAP-Chinese/kuobao-practice/yijay/synesthesia-practice.html
144,成語教學資源庫 - 新無敵成語週考練習神器 (第01~46回),成語週考第01回p.19-p.26 練功坊,idiom-quiz-01.html,idiom-practice/idiom-quiz-01.html,https://oaoadna-1313.github.io/2026_CAP-Chinese/idiom-practice/idiom-quiz-01.html
145,成語教學資源庫 - 新無敵成語週考練習神器 (第01~46回),成語週考第02回p.27-p.34 練功坊,idiom-quiz-02.html,idiom-practice/idiom-quiz-02.html,https://oaoadna-1313.github.io/2026_CAP-Chinese/idiom-practice/idiom-quiz-02.html
146,成語教學資源庫 - 新無敵成語週考練習神器 (第01~46回),成語週考第03回p.35-p.42 練功坊,idiom-quiz-03.html,idiom-practice/idiom-quiz-03.html,https://oaoadna-1313.github.io/2026_CAP-Chinese/idiom-practice/idiom-quiz-03.html
147,成語教學資源庫 - 新無敵成語週考練習神器 (第01~46回),成語週考第04回p.43-p.50 練功坊,idiom-quiz-04.html,idiom-practice/idiom-quiz-04.html,https://oaoadna-1313.github.io/2026_CAP-Chinese/idiom-practice/idiom-quiz-04.html
148,成語教學資源庫 - 新無敵成語週考練習神器 (第01~46回),成語週考第05回p.51-p.58 練功坊,idiom-quiz-05.html,idiom-practice/idiom-quiz-05.html,https://oaoadna-1313.github.io/2026_CAP-Chinese/idiom-practice/idiom-quiz-05.html
149,成語教學資源庫 - 新無敵成語週考練習神器 (第01~46回),成語週考第06回p.59-p.66 練功坊,idiom-quiz-06.html,idiom-practice/idiom-quiz-06.html,https://oaoadna-1313.github.io/2026_CAP-Chinese/idiom-practice/idiom-quiz-06.html
150,成語教學資源庫 - 新無敵成語週考練習神器 (第01~46回),成語週考第07回p.67-p.74 練功坊,idiom-quiz-07.html,idiom-practice/idiom-quiz-07.html,https://oaoadna-1313.github.io/2026_CAP-Chinese/idiom-practice/idiom-quiz-07.html
151,成語教學資源庫 - 新無敵成語週考練習神器 (第01~46回),成語週考第08回p.75-p.82 練功坊,idiom-quiz-08.html,idiom-practice/idiom-quiz-08.html,https://oaoadna-1313.github.io/2026_CAP-Chinese/idiom-practice/idiom-quiz-08.html
152,成語教學資源庫 - 新無敵成語週考練習神器 (第01~46回),成語週考第09回p.83-p.90 練功坊,idiom-quiz-09.html,idiom-practice/idiom-quiz-09.html,https://oaoadna-1313.github.io/2026_CAP-Chinese/idiom-practice/idiom-quiz-09.html
153,成語教學資源庫 - 新無敵成語週考練習神器 (第01~46回),成語週考第10回p.91-p.98 練功坊,idiom-quiz-10.html,idiom-practice/idiom-quiz-10.html,https://oaoadna-1313.github.io/2026_CAP-Chinese/idiom-practice/idiom-quiz-10.html
154,成語教學資源庫 - 新無敵成語週考練習神器 (第01~46回),成語週考第11回p.99-p.106 練功坊,idiom-quiz-11.html,idiom-practice/idiom-quiz-11.html,https://oaoadna-1313.github.io/2026_CAP-Chinese/idiom-practice/idiom-quiz-11.html
155,成語教學資源庫 - 新無敵成語週考練習神器 (第01~46回),成語週考第12回p.107-p.110 練功坊,idiom-quiz-12.html,idiom-practice/idiom-quiz-12.html,https://oaoadna-1313.github.io/2026_CAP-Chinese/idiom-practice/idiom-quiz-12.html
156,成語教學資源庫 - 新無敵成語週考練習神器 (第01~46回),成語週考第13回 p.111-p.118 練功坊,idiom-quiz-13.html,idiom-practice/idiom-quiz-13.html,https://oaoadna-1313.github.io/2026_CAP-Chinese/idiom-practice/idiom-quiz-13.html
157,成語教學資源庫 - 新無敵成語週考練習神器 (第01~46回),成語週考第14回 p.119-p.127 練功坊練習神器,idiom-quiz-14.html,idiom-practice/idiom-quiz-14.html,https://oaoadna-1313.github.io/2026_CAP-Chinese/idiom-practice/idiom-quiz-14.html
158,成語教學資源庫 - 新無敵成語週考練習神器 (第01~46回),成語週考第15回 p.128-p.136 練功坊練習神器,idiom-quiz-15.html,idiom-practice/idiom-quiz-15.html,https://oaoadna-1313.github.io/2026_CAP-Chinese/idiom-practice/idiom-quiz-15.html
159,成語教學資源庫 - 新無敵成語週考練習神器 (第01~46回),成語週考第16回 p.137-p.144 練功坊練習神器,idiom-quiz-16.html,idiom-practice/idiom-quiz-16.html,https://oaoadna-1313.github.io/2026_CAP-Chinese/idiom-practice/idiom-quiz-16.html
160,成語教學資源庫 - 新無敵成語週考練習神器 (第01~46回),成語週考第17回 p.145-p.153 練功坊練習神器,idiom-quiz-17.html,idiom-practice/idiom-quiz-17.html,https://oaoadna-1313.github.io/2026_CAP-Chinese/idiom-practice/idiom-quiz-17.html
161,成語教學資源庫 - 新無敵成語週考練習神器 (第01~46回),成語週考第18回 p.154-p.161 練功坊練習神器,idiom-quiz-18.html,idiom-practice/idiom-quiz-18.html,https://oaoadna-1313.github.io/2026_CAP-Chinese/idiom-practice/idiom-quiz-18.html
162,成語教學資源庫 - 新無敵成語週考練習神器 (第01~46回),成語週考第19回 p.162-p.169 練功坊練習神器,idiom-quiz-19.html,idiom-practice/idiom-quiz-19.html,https://oaoadna-1313.github.io/2026_CAP-Chinese/idiom-practice/idiom-quiz-19.html
163,成語教學資源庫 - 新無敵成語週考練習神器 (第01~46回),成語週考第20回 p.170-p.178 練功坊練習神器,idiom-quiz-20.html,idiom-practice/idiom-quiz-20.html,https://oaoadna-1313.github.io/2026_CAP-Chinese/idiom-practice/idiom-quiz-20.html
164,成語教學資源庫 - 新無敵成語週考練習神器 (第01~46回),成語週考第21回 p.179-p.186 練功坊練習神器,idiom-quiz-21.html,idiom-practice/idiom-quiz-21.html,https://oaoadna-1313.github.io/2026_CAP-Chinese/idiom-practice/idiom-quiz-21.html
165,成語教學資源庫 - 新無敵成語週考練習神器 (第01~46回),成語週考第22回 p.187-p.194 練功坊練習神器,idiom-quiz-22.html,idiom-practice/idiom-quiz-22.html,https://oaoadna-1313.github.io/2026_CAP-Chinese/idiom-practice/idiom-quiz-22.html
166,成語教學資源庫 - 新無敵成語週考練習神器 (第01~46回),成語週考第23回 p.195-p.203 練功坊練習神器,idiom-quiz-23.html,idiom-practice/idiom-quiz-23.html,https://oaoadna-1313.github.io/2026_CAP-Chinese/idiom-practice/idiom-quiz-23.html
167,成語教學資源庫 - 新無敵成語週考練習神器 (第01~46回),成語週考第24回 p.204-p.211 練功坊練習神器,idiom-quiz-24.html,idiom-practice/idiom-quiz-24.html,https://oaoadna-1313.github.io/2026_CAP-Chinese/idiom-practice/idiom-quiz-24.html
168,成語教學資源庫 - 新無敵成語週考練習神器 (第01~46回),成語週考第25回 p.212-p.219 練功坊練習神器,idiom-quiz-25.html,idiom-practice/idiom-quiz-25.html,https://oaoadna-1313.github.io/2026_CAP-Chinese/idiom-practice/idiom-quiz-25.html
169,成語教學資源庫 - 新無敵成語週考練習神器 (第01~46回),成語週考第26回 p.220-p.227 練功坊練習神器,idiom-quiz-26.html,idiom-practice/idiom-quiz-26.html,https://oaoadna-1313.github.io/2026_CAP-Chinese/idiom-practice/idiom-quiz-26.html
170,成語教學資源庫 - 新無敵成語週考練習神器 (第01~46回),成語週考第27回 p.228-p.234 練功坊練習神器,idiom-quiz-27.html,idiom-practice/idiom-quiz-27.html,https://oaoadna-1313.github.io/2026_CAP-Chinese/idiom-practice/idiom-quiz-27.html
171,成語教學資源庫 - 新無敵成語週考練習神器 (第01~46回),成語週考第28回 p.235-p.241 練功坊練習神器,idiom-quiz-28.html,idiom-practice/idiom-quiz-28.html,https://oaoadna-1313.github.io/2026_CAP-Chinese/idiom-practice/idiom-quiz-28.html
172,成語教學資源庫 - 新無敵成語週考練習神器 (第01~46回),成語週考第29回 p.242-p.248 練功坊練習神器,idiom-quiz-29.html,idiom-practice/idiom-quiz-29.html,https://oaoadna-1313.github.io/2026_CAP-Chinese/idiom-practice/idiom-quiz-29.html
173,成語教學資源庫 - 新無敵成語週考練習神器 (第01~46回),成語週考第30回 p.249-p.255 練功坊練習神器,idiom-quiz-30.html,idiom-practice/idiom-quiz-30.html,https://oaoadna-1313.github.io/2026_CAP-Chinese/idiom-practice/idiom-quiz-30.html
174,成語教學資源庫 - 新無敵成語週考練習神器 (第01~46回),成語週考第31回 p.256-p.262 練功坊練習神器,idiom-quiz-31.html,idiom-practice/idiom-quiz-31.html,https://oaoadna-1313.github.io/2026_CAP-Chinese/idiom-practice/idiom-quiz-31.html
175,成語教學資源庫 - 新無敵成語週考練習神器 (第01~46回),成語週考第32回 p.263-p.269 練功坊練習神器,idiom-quiz-32.html,idiom-practice/idiom-quiz-32.html,https://oaoadna-1313.github.io/2026_CAP-Chinese/idiom-practice/idiom-quiz-32.html
176,成語教學資源庫 - 新無敵成語週考練習神器 (第01~46回),成語週考第33回 p.270-p.276 練功坊練習神器,idiom-quiz-33.html,idiom-practice/idiom-quiz-33.html,https://oaoadna-1313.github.io/2026_CAP-Chinese/idiom-practice/idiom-quiz-33.html
177,成語教學資源庫 - 新無敵成語週考練習神器 (第01~46回),成語週考第34回 p.277-p.283 練功坊練習神器,idiom-quiz-34.html,idiom-practice/idiom-quiz-34.html,https://oaoadna-1313.github.io/2026_CAP-Chinese/idiom-practice/idiom-quiz-34.html
178,成語教學資源庫 - 新無敵成語週考練習神器 (第01~46回),成語週考第35回 p.284-p.290 練功坊練習神器,idiom-quiz-35.html,idiom-practice/idiom-quiz-35.html,https://oaoadna-1313.github.io/2026_CAP-Chinese/idiom-practice/idiom-quiz-35.html
179,成語教學資源庫 - 新無敵成語週考練習神器 (第01~46回),成語週考第36回 p.291-p.298 練功坊練習神器,idiom-quiz-36.html,idiom-practice/idiom-quiz-36.html,https://oaoadna-1313.github.io/2026_CAP-Chinese/idiom-practice/idiom-quiz-36.html
180,成語教學資源庫 - 新無敵成語週考練習神器 (第01~46回),成語週考第37回 p.299-p.306 練功坊練習神器,idiom-quiz-37.html,idiom-practice/idiom-quiz-37.html,https://oaoadna-1313.github.io/2026_CAP-Chinese/idiom-practice/idiom-quiz-37.html
181,成語教學資源庫 - 新無敵成語週考練習神器 (第01~46回),成語週考第38回 p.307-p.314 練功坊練習神器,idiom-quiz-38.html,idiom-practice/idiom-quiz-38.html,https://oaoadna-1313.github.io/2026_CAP-Chinese/idiom-practice/idiom-quiz-38.html
182,成語教學資源庫 - 新無敵成語週考練習神器 (第01~46回),成語週考第39回 p.315-p.322 練功坊練習神器,idiom-quiz-39.html,idiom-practice/idiom-quiz-39.html,https://oaoadna-1313.github.io/2026_CAP-Chinese/idiom-practice/idiom-quiz-39.html
183,成語教學資源庫 - 新無敵成語週考練習神器 (第01~46回),成語週考第40回 p.323-p.330 練功坊練習神器,idiom-quiz-40.html,idiom-practice/idiom-quiz-40.html,https://oaoadna-1313.github.io/2026_CAP-Chinese/idiom-practice/idiom-quiz-40.html
184,成語教學資源庫 - 新無敵成語週考練習神器 (第01~46回),成語週考第41回 p.331-p.338 練功坊練習神器,idiom-quiz-41.html,idiom-practice/idiom-quiz-41.html,https://oaoadna-1313.github.io/2026_CAP-Chinese/idiom-practice/idiom-quiz-41.html
185,成語教學資源庫 - 新無敵成語週考練習神器 (第01~46回),成語週考第42回 p.339-p.346 練功坊練習神器,idiom-quiz-42.html,idiom-practice/idiom-quiz-42.html,https://oaoadna-1313.github.io/2026_CAP-Chinese/idiom-practice/idiom-quiz-42.html
186,成語教學資源庫 - 新無敵成語週考練習神器 (第01~46回),成語週考第43回 p.347-p.354 練功坊練習神器,idiom-quiz-43.html,idiom-practice/idiom-quiz-43.html,https://oaoadna-1313.github.io/2026_CAP-Chinese/idiom-practice/idiom-quiz-43.html
187,成語教學資源庫 - 新無敵成語週考練習神器 (第01~46回),成語週考第44回 p.355-p.362 練功坊練習神器,idiom-quiz-44.html,idiom-practice/idiom-quiz-44.html,https://oaoadna-1313.github.io/2026_CAP-Chinese/idiom-practice/idiom-quiz-44.html
188,成語教學資源庫 - 新無敵成語週考練習神器 (第01~46回),成語週考第45回 p.363-p.370 練功坊練習神器,idiom-quiz-45.html,idiom-practice/idiom-quiz-45.html,https://oaoadna-1313.github.io/2026_CAP-Chinese/idiom-practice/idiom-quiz-45.html
189,成語教學資源庫 - 新無敵成語週考練習神器 (第01~46回),成語週考第46回 p.371-p.377 練功坊練習神器,idiom-quiz-46.html,idiom-practice/idiom-quiz-46.html,https://oaoadna-1313.github.io/2026_CAP-Chinese/idiom-practice/idiom-quiz-46.html
190,成語教學資源庫 - 新無敵成語方城市線上測驗 (第01~46回),新無敵成語方城市 第01回 線上測驗系統 (p.19-p.26),fcs-quiz-01.html,idiom-fangchengshi/fcs-quiz-01.html,https://oaoadna-1313.github.io/2026_CAP-Chinese/idiom-fangchengshi/fcs-quiz-01.html
191,成語教學資源庫 - 新無敵成語方城市線上測驗 (第01~46回),新無敵成語方城市 第02回 線上測驗系統 (p.27-p.34),fcs-quiz-02.html,idiom-fangchengshi/fcs-quiz-02.html,https://oaoadna-1313.github.io/2026_CAP-Chinese/idiom-fangchengshi/fcs-quiz-02.html
192,成語教學資源庫 - 新無敵成語方城市線上測驗 (第01~46回),新無敵成語方城市 第03回 線上測驗系統 (p.35-p.42),fcs-quiz-03.html,idiom-fangchengshi/fcs-quiz-03.html,https://oaoadna-1313.github.io/2026_CAP-Chinese/idiom-fangchengshi/fcs-quiz-03.html
193,成語教學資源庫 - 新無敵成語方城市線上測驗 (第01~46回),新無敵成語方城市 第04回 線上測驗系統 (p.43-p.50),fcs-quiz-04.html,idiom-fangchengshi/fcs-quiz-04.html,https://oaoadna-1313.github.io/2026_CAP-Chinese/idiom-fangchengshi/fcs-quiz-04.html
194,成語教學資源庫 - 新無敵成語方城市線上測驗 (第01~46回),新無敵成語方城市 第05回 線上測驗系統 (p.51-p.58),fcs-quiz-05.html,idiom-fangchengshi/fcs-quiz-05.html,https://oaoadna-1313.github.io/2026_CAP-Chinese/idiom-fangchengshi/fcs-quiz-05.html
195,成語教學資源庫 - 新無敵成語方城市線上測驗 (第01~46回),新無敵成語方城市 第06回 線上測驗系統 (p.59-p.66),fcs-quiz-06.html,idiom-fangchengshi/fcs-quiz-06.html,https://oaoadna-1313.github.io/2026_CAP-Chinese/idiom-fangchengshi/fcs-quiz-06.html
196,成語教學資源庫 - 新無敵成語方城市線上測驗 (第01~46回),新無敵成語方城市 第07回 線上測驗系統 (p.67-p.74),fcs-quiz-07.html,idiom-fangchengshi/fcs-quiz-07.html,https://oaoadna-1313.github.io/2026_CAP-Chinese/idiom-fangchengshi/fcs-quiz-07.html
197,成語教學資源庫 - 新無敵成語方城市線上測驗 (第01~46回),新無敵成語方城市 第08回 線上測驗系統 (p.75-p.82),fcs-quiz-08.html,idiom-fangchengshi/fcs-quiz-08.html,https://oaoadna-1313.github.io/2026_CAP-Chinese/idiom-fangchengshi/fcs-quiz-08.html
198,成語教學資源庫 - 新無敵成語方城市線上測驗 (第01~46回),新無敵成語方城市 第09回 線上測驗系統 (p.83-p.90),fcs-quiz-09.html,idiom-fangchengshi/fcs-quiz-09.html,https://oaoadna-1313.github.io/2026_CAP-Chinese/idiom-fangchengshi/fcs-quiz-09.html
199,成語教學資源庫 - 新無敵成語方城市線上測驗 (第01~46回),新無敵成語方城市 第10回 線上測驗系統 (p.91-p.98),fcs-quiz-10.html,idiom-fangchengshi/fcs-quiz-10.html,https://oaoadna-1313.github.io/2026_CAP-Chinese/idiom-fangchengshi/fcs-quiz-10.html
200,成語教學資源庫 - 新無敵成語方城市線上測驗 (第01~46回),新無敵成語方城市 第11回 線上測驗系統 (p.99-p.106),fcs-quiz-11.html,idiom-fangchengshi/fcs-quiz-11.html,https://oaoadna-1313.github.io/2026_CAP-Chinese/idiom-fangchengshi/fcs-quiz-11.html
201,成語教學資源庫 - 新無敵成語方城市線上測驗 (第01~46回),新無敵成語方城市 第12回 線上測驗系統 (p.107-p.110),fcs-quiz-12.html,idiom-fangchengshi/fcs-quiz-12.html,https://oaoadna-1313.github.io/2026_CAP-Chinese/idiom-fangchengshi/fcs-quiz-12.html
202,成語教學資源庫 - 新無敵成語方城市線上測驗 (第01~46回),新無敵成語方城市 第13回 線上測驗系統 (p.111-p.118),fcs-quiz-13.html,idiom-fangchengshi/fcs-quiz-13.html,https://oaoadna-1313.github.io/2026_CAP-Chinese/idiom-fangchengshi/fcs-quiz-13.html
203,成語教學資源庫 - 新無敵成語方城市線上測驗 (第01~46回),新無敵成語方城市 第14回 線上測驗系統 (p.119-p.127),fcs-quiz-14.html,idiom-fangchengshi/fcs-quiz-14.html,https://oaoadna-1313.github.io/2026_CAP-Chinese/idiom-fangchengshi/fcs-quiz-14.html
204,成語教學資源庫 - 新無敵成語方城市線上測驗 (第01~46回),新無敵成語方城市 第15回 線上測驗系統 (p.128-p.136),fcs-quiz-15.html,idiom-fangchengshi/fcs-quiz-15.html,https://oaoadna-1313.github.io/2026_CAP-Chinese/idiom-fangchengshi/fcs-quiz-15.html
205,成語教學資源庫 - 新無敵成語方城市線上測驗 (第01~46回),新無敵成語方城市 第16回 線上測驗系統 (p.137-p.144),fcs-quiz-16.html,idiom-fangchengshi/fcs-quiz-16.html,https://oaoadna-1313.github.io/2026_CAP-Chinese/idiom-fangchengshi/fcs-quiz-16.html
206,成語教學資源庫 - 新無敵成語方城市線上測驗 (第01~46回),新無敵成語方城市 第17回 線上測驗系統 (p.145-p.153),fcs-quiz-17.html,idiom-fangchengshi/fcs-quiz-17.html,https://oaoadna-1313.github.io/2026_CAP-Chinese/idiom-fangchengshi/fcs-quiz-17.html
207,成語教學資源庫 - 新無敵成語方城市線上測驗 (第01~46回),新無敵成語方城市 第18回 線上測驗系統 (p.154-p.161),fcs-quiz-18.html,idiom-fangchengshi/fcs-quiz-18.html,https://oaoadna-1313.github.io/2026_CAP-Chinese/idiom-fangchengshi/fcs-quiz-18.html
208,成語教學資源庫 - 新無敵成語方城市線上測驗 (第01~46回),新無敵成語方城市 第19回 線上測驗系統 (p.162-p.169),fcs-quiz-19.html,idiom-fangchengshi/fcs-quiz-19.html,https://oaoadna-1313.github.io/2026_CAP-Chinese/idiom-fangchengshi/fcs-quiz-19.html
209,成語教學資源庫 - 新無敵成語方城市線上測驗 (第01~46回),新無敵成語方城市 第20回 線上測驗系統 (p.170-p.178),fcs-quiz-20.html,idiom-fangchengshi/fcs-quiz-20.html,https://oaoadna-1313.github.io/2026_CAP-Chinese/idiom-fangchengshi/fcs-quiz-20.html
210,成語教學資源庫 - 新無敵成語方城市線上測驗 (第01~46回),新無敵成語方城市 第21回 線上測驗系統 (p.179-p.186),fcs-quiz-21.html,idiom-fangchengshi/fcs-quiz-21.html,https://oaoadna-1313.github.io/2026_CAP-Chinese/idiom-fangchengshi/fcs-quiz-21.html
211,成語教學資源庫 - 新無敵成語方城市線上測驗 (第01~46回),新無敵成語方城市 第22回 線上測驗系統 (p.187-p.194),fcs-quiz-22.html,idiom-fangchengshi/fcs-quiz-22.html,https://oaoadna-1313.github.io/2026_CAP-Chinese/idiom-fangchengshi/fcs-quiz-22.html
212,成語教學資源庫 - 新無敵成語方城市線上測驗 (第01~46回),新無敵成語方城市 第23回 線上測驗系統 (p.195-p.203),fcs-quiz-23.html,idiom-fangchengshi/fcs-quiz-23.html,https://oaoadna-1313.github.io/2026_CAP-Chinese/idiom-fangchengshi/fcs-quiz-23.html
213,成語教學資源庫 - 新無敵成語方城市線上測驗 (第01~46回),新無敵成語方城市 第24回 線上測驗系統 (p.204-p.211),fcs-quiz-24.html,idiom-fangchengshi/fcs-quiz-24.html,https://oaoadna-1313.github.io/2026_CAP-Chinese/idiom-fangchengshi/fcs-quiz-24.html
214,成語教學資源庫 - 新無敵成語方城市線上測驗 (第01~46回),新無敵成語方城市 第25回 線上測驗系統 (p.212-p.219),fcs-quiz-25.html,idiom-fangchengshi/fcs-quiz-25.html,https://oaoadna-1313.github.io/2026_CAP-Chinese/idiom-fangchengshi/fcs-quiz-25.html
215,成語教學資源庫 - 新無敵成語方城市線上測驗 (第01~46回),新無敵成語方城市 第26回 線上測驗系統 (p.220-p.227),fcs-quiz-26.html,idiom-fangchengshi/fcs-quiz-26.html,https://oaoadna-1313.github.io/2026_CAP-Chinese/idiom-fangchengshi/fcs-quiz-26.html
216,成語教學資源庫 - 新無敵成語方城市線上測驗 (第01~46回),新無敵成語方城市 第27回 線上測驗系統 (p.228-p.234),fcs-quiz-27.html,idiom-fangchengshi/fcs-quiz-27.html,https://oaoadna-1313.github.io/2026_CAP-Chinese/idiom-fangchengshi/fcs-quiz-27.html
217,成語教學資源庫 - 新無敵成語方城市線上測驗 (第01~46回),新無敵成語方城市 第28回 線上測驗系統 (p.235-p.241),fcs-quiz-28.html,idiom-fangchengshi/fcs-quiz-28.html,https://oaoadna-1313.github.io/2026_CAP-Chinese/idiom-fangchengshi/fcs-quiz-28.html
218,成語教學資源庫 - 新無敵成語方城市線上測驗 (第01~46回),新無敵成語方城市 第29回 線上測驗系統 (p.242-p.248),fcs-quiz-29.html,idiom-fangchengshi/fcs-quiz-29.html,https://oaoadna-1313.github.io/2026_CAP-Chinese/idiom-fangchengshi/fcs-quiz-29.html
219,成語教學資源庫 - 新無敵成語方城市線上測驗 (第01~46回),新無敵成語方城市 第30回 線上測驗系統 (p.249-p.255),fcs-quiz-30.html,idiom-fangchengshi/fcs-quiz-30.html,https://oaoadna-1313.github.io/2026_CAP-Chinese/idiom-fangchengshi/fcs-quiz-30.html
220,成語教學資源庫 - 新無敵成語方城市線上測驗 (第01~46回),新無敵成語方城市 第31回 線上測驗系統 (p.256-p.262),fcs-quiz-31.html,idiom-fangchengshi/fcs-quiz-31.html,https://oaoadna-1313.github.io/2026_CAP-Chinese/idiom-fangchengshi/fcs-quiz-31.html
221,成語教學資源庫 - 新無敵成語方城市線上測驗 (第01~46回),新無敵成語方城市 第32回 線上測驗系統 (p.263-p.269),fcs-quiz-32.html,idiom-fangchengshi/fcs-quiz-32.html,https://oaoadna-1313.github.io/2026_CAP-Chinese/idiom-fangchengshi/fcs-quiz-32.html
222,成語教學資源庫 - 新無敵成語方城市線上測驗 (第01~46回),新無敵成語方城市 第33回 線上測驗系統 (p.270-p.276),fcs-quiz-33.html,idiom-fangchengshi/fcs-quiz-33.html,https://oaoadna-1313.github.io/2026_CAP-Chinese/idiom-fangchengshi/fcs-quiz-33.html
223,成語教學資源庫 - 新無敵成語方城市線上測驗 (第01~46回),新無敵成語方城市 第34回 線上測驗系統 (p.277-p.283),fcs-quiz-34.html,idiom-fangchengshi/fcs-quiz-34.html,https://oaoadna-1313.github.io/2026_CAP-Chinese/idiom-fangchengshi/fcs-quiz-34.html
224,成語教學資源庫 - 新無敵成語方城市線上測驗 (第01~46回),新無敵成語方城市 第35回 線上測驗系統 (p.284-p.290),fcs-quiz-35.html,idiom-fangchengshi/fcs-quiz-35.html,https://oaoadna-1313.github.io/2026_CAP-Chinese/idiom-fangchengshi/fcs-quiz-35.html
225,成語教學資源庫 - 新無敵成語方城市線上測驗 (第01~46回),新無敵成語方城市 第36回 線上測驗系統 (p.291-p.298),fcs-quiz-36.html,idiom-fangchengshi/fcs-quiz-36.html,https://oaoadna-1313.github.io/2026_CAP-Chinese/idiom-fangchengshi/fcs-quiz-36.html
226,成語教學資源庫 - 新無敵成語方城市線上測驗 (第01~46回),新無敵成語方城市 第37回 線上測驗系統 (p.299-p.306),fcs-quiz-37.html,idiom-fangchengshi/fcs-quiz-37.html,https://oaoadna-1313.github.io/2026_CAP-Chinese/idiom-fangchengshi/fcs-quiz-37.html
227,成語教學資源庫 - 新無敵成語方城市線上測驗 (第01~46回),新無敵成語方城市 第38回 線上測驗系統 (p.307-p.314),fcs-quiz-38.html,idiom-fangchengshi/fcs-quiz-38.html,https://oaoadna-1313.github.io/2026_CAP-Chinese/idiom-fangchengshi/fcs-quiz-38.html
228,成語教學資源庫 - 新無敵成語方城市線上測驗 (第01~46回),新無敵成語方城市 第39回 線上測驗系統 (p.315-p.322),fcs-quiz-39.html,idiom-fangchengshi/fcs-quiz-39.html,https://oaoadna-1313.github.io/2026_CAP-Chinese/idiom-fangchengshi/fcs-quiz-39.html
229,成語教學資源庫 - 新無敵成語方城市線上測驗 (第01~46回),新無敵成語方城市 第40回 線上測驗系統 (p.323-p.330),fcs-quiz-40.html,idiom-fangchengshi/fcs-quiz-40.html,https://oaoadna-1313.github.io/2026_CAP-Chinese/idiom-fangchengshi/fcs-quiz-40.html
230,成語教學資源庫 - 新無敵成語方城市線上測驗 (第01~46回),新無敵成語方城市 第41回 線上測驗系統 (p.331-p.338),fcs-quiz-41.html,idiom-fangchengshi/fcs-quiz-41.html,https://oaoadna-1313.github.io/2026_CAP-Chinese/idiom-fangchengshi/fcs-quiz-41.html
231,成語教學資源庫 - 新無敵成語方城市線上測驗 (第01~46回),新無敵成語方城市 第42回 線上測驗系統 (p.339-p.346),fcs-quiz-42.html,idiom-fangchengshi/fcs-quiz-42.html,https://oaoadna-1313.github.io/2026_CAP-Chinese/idiom-fangchengshi/fcs-quiz-42.html
232,成語教學資源庫 - 新無敵成語方城市線上測驗 (第01~46回),新無敵成語方城市 第43回 線上測驗系統 (p.347-p.354),fcs-quiz-43.html,idiom-fangchengshi/fcs-quiz-43.html,https://oaoadna-1313.github.io/2026_CAP-Chinese/idiom-fangchengshi/fcs-quiz-43.html
233,成語教學資源庫 - 新無敵成語方城市線上測驗 (第01~46回),新無敵成語方城市 第44回 線上測驗系統 (p.355-p.362),fcs-quiz-44.html,idiom-fangchengshi/fcs-quiz-44.html,https://oaoadna-1313.github.io/2026_CAP-Chinese/idiom-fangchengshi/fcs-quiz-44.html
234,成語教學資源庫 - 新無敵成語方城市線上測驗 (第01~46回),新無敵成語方城市 第45回 線上測驗系統 (p.363-p.370),fcs-quiz-45.html,idiom-fangchengshi/fcs-quiz-45.html,https://oaoadna-1313.github.io/2026_CAP-Chinese/idiom-fangchengshi/fcs-quiz-45.html
235,成語教學資源庫 - 新無敵成語方城市線上測驗 (第01~46回),新無敵成語方城市 第46回 線上測驗系統 (p.371-p.377),fcs-quiz-46.html,idiom-fangchengshi/fcs-quiz-46.html,https://oaoadna-1313.github.io/2026_CAP-Chinese/idiom-fangchengshi/fcs-quiz-46.html
236,作文教學資源庫 - 主題與思辨寫作特訓 (17篇精選引導),✍️ 科技浪潮_AI與我們的距離 寫作指南,ai-and-distance.html,topic-writing/ai-and-distance.html,https://oaoadna-1313.github.io/2026_CAP-Chinese/topic-writing/ai-and-distance.html
237,作文教學資源庫 - 主題與思辨寫作特訓 (17篇精選引導),✍️ AI 時代的人性微光－－「人工智慧科技無法取代的一件事」 寫作指南,ai-human-value.html,topic-writing/ai-human-value.html,https://oaoadna-1313.github.io/2026_CAP-Chinese/topic-writing/ai-human-value.html
238,作文教學資源庫 - 主題與思辨寫作特訓 (17篇精選引導),✍️ 習慣的力量_因為這項習慣，讓我... 寫作指南,because-of-this-habit.html,topic-writing/because-of-this-habit.html,https://oaoadna-1313.github.io/2026_CAP-Chinese/topic-writing/because-of-this-habit.html
239,作文教學資源庫 - 主題與思辨寫作特訓 (17篇精選引導),✍️ 留白的哲學_生活中的空白 寫作指南,blank-spaces-in-life.html,topic-writing/blank-spaces-in-life.html,https://oaoadna-1313.github.io/2026_CAP-Chinese/topic-writing/blank-spaces-in-life.html
240,作文教學資源庫 - 主題與思辨寫作特訓 (17篇精選引導),會考作文 6 級分大絕招：萬用例可帶 × 問津趕行程,cap-exam-writing-guide.html,topic-writing/cap-exam-writing-guide.html,https://oaoadna-1313.github.io/2026_CAP-Chinese/topic-writing/cap-exam-writing-guide.html
241,作文教學資源庫 - 主題與思辨寫作特訓 (17篇精選引導),✍️ 轉念之間_我如何面對生活的壓力 寫作指南,coping-with-life-stress.html,topic-writing/coping-with-life-stress.html,https://oaoadna-1313.github.io/2026_CAP-Chinese/topic-writing/coping-with-life-stress.html
242,作文教學資源庫 - 主題與思辨寫作特訓 (17篇精選引導),🛒 折扣與消費心理的觀察 寫作指南,discount-consumer-psychology.html,topic-writing/discount-consumer-psychology.html,https://oaoadna-1313.github.io/2026_CAP-Chinese/topic-writing/discount-consumer-psychology.html
243,作文教學資源庫 - 主題與思辨寫作特訓 (17篇精選引導),✍️ 拆解詐騙迷霧_我看詐騙現象的觀察與反思 寫作指南,fraud-phenomenon-reflection.html,topic-writing/fraud-phenomenon-reflection.html,https://oaoadna-1313.github.io/2026_CAP-Chinese/topic-writing/fraud-phenomenon-reflection.html
244,作文教學資源庫 - 主題與思辨寫作特訓 (17篇精選引導),✍️ 賦予事物新面貌 寫作指南,giving-things-new-look.html,topic-writing/giving-things-new-look.html,https://oaoadna-1313.github.io/2026_CAP-Chinese/topic-writing/giving-things-new-look.html
245,作文教學資源庫 - 主題與思辨寫作特訓 (17篇精選引導),🎭 隱形的面具：我對「網路匿名發言」的觀察與想法 寫作指南,internet-anonymous-speech.html,topic-writing/internet-anonymous-speech.html,https://oaoadna-1313.github.io/2026_CAP-Chinese/topic-writing/internet-anonymous-speech.html
246,作文教學資源庫 - 主題與思辨寫作特訓 (17篇精選引導),📱 雙面刃的考驗_當學習遇上手機 寫作指南,learning-meets-smartphones.html,topic-writing/learning-meets-smartphones.html,https://oaoadna-1313.github.io/2026_CAP-Chinese/topic-writing/learning-meets-smartphones.html
247,作文教學資源庫 - 主題與思辨寫作特訓 (17篇精選引導),✍️ 跨越千年的智慧_我從《論語》學到的事 寫作指南,lessons-from-analects.html,topic-writing/lessons-from-analects.html,https://oaoadna-1313.github.io/2026_CAP-Chinese/topic-writing/lessons-from-analects.html
248,作文教學資源庫 - 主題與思辨寫作特訓 (17篇精選引導),✍️ 尋找生命關鍵字_最能代表我的一個字 寫作指南,one-character-representing-me.html,topic-writing/one-character-representing-me.html,https://oaoadna-1313.github.io/2026_CAP-Chinese/topic-writing/one-character-representing-me.html
249,作文教學資源庫 - 主題與思辨寫作特訓 (17篇精選引導),✍️ 聆聽青春的共鳴_校園裡的聲音 寫作指南,sounds-in-campus.html,topic-writing/sounds-in-campus.html,https://oaoadna-1313.github.io/2026_CAP-Chinese/topic-writing/sounds-in-campus.html
250,作文教學資源庫 - 主題與思辨寫作特訓 (17篇精選引導),✍️ 點亮生命的微光_老師的教誨 寫作指南,teachers-teachings.html,topic-writing/teachers-teachings.html,https://oaoadna-1313.github.io/2026_CAP-Chinese/topic-writing/teachers-teachings.html
251,作文教學資源庫 - 主題與思辨寫作特訓 (17篇精選引導),✍️ 未來抉擇：基因編輯 vs. 順其自然 寫作指南,tech-ethics-gene-editing.html,topic-writing/tech-ethics-gene-editing.html,https://oaoadna-1313.github.io/2026_CAP-Chinese/topic-writing/tech-ethics-gene-editing.html
252,作文教學資源庫 - 主題與思辨寫作特訓 (17篇精選引導),✍️ 互助的溫度_時間銀行 寫作指南,time-bank-mutual-aid.html,topic-writing/time-bank-mutual-aid.html,https://oaoadna-1313.github.io/2026_CAP-Chinese/topic-writing/time-bank-mutual-aid.html
253,作文教學資源庫 - 閱思龍門・文心雕龍素養寫作 (11篇經典架構),✍️ 小魚兒探龍門：我的老師（同學）寫作指南,g7a-my-teacher-or-classmate.html,dragon-gate/g7a-my-teacher-or-classmate.html,https://oaoadna-1313.github.io/2026_CAP-Chinese/dragon-gate/g7a-my-teacher-or-classmate.html
254,作文教學資源庫 - 閱思龍門・文心雕龍素養寫作 (11篇經典架構),✍️ 小魚兒探龍門_一次難忘的考試經驗 寫作指南,g7a-unforgettable-exam.html,dragon-gate/g7a-unforgettable-exam.html,https://oaoadna-1313.github.io/2026_CAP-Chinese/dragon-gate/g7a-unforgettable-exam.html
255,作文教學資源庫 - 閱思龍門・文心雕龍素養寫作 (11篇經典架構),🌸 大安森林公園賞花記：長文寫作互動指南,g7b-daan-park-flower-trip.html,dragon-gate/g7b-daan-park-flower-trip.html,https://oaoadna-1313.github.io/2026_CAP-Chinese/dragon-gate/g7b-daan-park-flower-trip.html
256,作文教學資源庫 - 閱思龍門・文心雕龍素養寫作 (11篇經典架構),📖 故事．臺北．人 擴寫練習指南,g8a-story-taipei-expansion.html,dragon-gate/g8a-story-taipei-expansion.html,https://oaoadna-1313.github.io/2026_CAP-Chinese/dragon-gate/g8a-story-taipei-expansion.html
257,作文教學資源庫 - 閱思龍門・文心雕龍素養寫作 (11篇經典架構),✍️ 光點臺北城_臺北嬉遊記 寫作指南,g8a-taipei-pleasure-trip.html,dragon-gate/g8a-taipei-pleasure-trip.html,https://oaoadna-1313.github.io/2026_CAP-Chinese/dragon-gate/g8a-taipei-pleasure-trip.html
258,作文教學資源庫 - 閱思龍門・文心雕龍素養寫作 (11篇經典架構),🍲 寶島戀真情_我的家鄉味 寫作指南,g8b-hometown-flavor.html,dragon-gate/g8b-hometown-flavor.html,https://oaoadna-1313.github.io/2026_CAP-Chinese/dragon-gate/g8b-hometown-flavor.html
259,作文教學資源庫 - 閱思龍門・文心雕龍素養寫作 (11篇經典架構),🎙️ 臺灣議言堂_從一則新聞談起 寫作指南,g8b-news-discussion.html,dragon-gate/g8b-news-discussion.html,https://oaoadna-1313.github.io/2026_CAP-Chinese/dragon-gate/g8b-news-discussion.html
260,作文教學資源庫 - 閱思龍門・文心雕龍素養寫作 (11篇經典架構),✍️ 指掌探世界 寫作指南,g9a-world-in-fingertips.html,dragon-gate/g9a-world-in-fingertips.html,https://oaoadna-1313.github.io/2026_CAP-Chinese/dragon-gate/g9a-world-in-fingertips.html
261,作文教學資源庫 - 閱思龍門・文心雕龍素養寫作 (11篇經典架構),✍️ 舌尖上的世界 寫作指南,g9a-world-on-tongue.html,dragon-gate/g9a-world-on-tongue.html,https://oaoadna-1313.github.io/2026_CAP-Chinese/dragon-gate/g9a-world-on-tongue.html
262,作文教學資源庫 - 閱思龍門・文心雕龍素養寫作 (11篇經典架構),✍️ HI！未來_面對未來我看見 寫作指南,g9b-facing-the-future.html,dragon-gate/g9b-facing-the-future.html,https://oaoadna-1313.github.io/2026_CAP-Chinese/dragon-gate/g9b-facing-the-future.html
263,作文教學資源庫 - 閱思龍門・文心雕龍素養寫作 (11篇經典架構),✍️ HI！未來_理想的樂齡生活 寫作指南,g9b-ideal-senior-life.html,dragon-gate/g9b-ideal-senior-life.html,https://oaoadna-1313.github.io/2026_CAP-Chinese/dragon-gate/g9b-ideal-senior-life.html
